"Three Party Authentication Key Distributed Protocols Using Implicit and Explicit Quantum Cryptography",,9765166,,,,,,"English","India",,,,,"Dr.G.Ananda Rao><Y.Srinivas, J.Vijaya Sekhar><Ch.Pavan Kumar","Computer Science",,,,,"http://www.ijcse.com/docs/IJCSE11-02-02-08.pdf",,,2,2,"3AQKDP (implicit) /3AQKDPMA (explicit)/cryptography/Quantum Cryptography",,,,,,,,,"April-May 2011",,"Cryptography is the science of information security. Applications of cryptography include ATM cards, computer passwords, and electronic commerce. The combination of Implicit quantum key distribution protocol (3AQKDP) and explicit quantum key distribution protocol (3AQKDPMA) are used to form the new combination and demonstrate the following merits: Establishment of a secure connection which can prevent attacks such as eavesdropping, man-in-the-middle and replay. Reduction in communication rounds among existing QKDPs, improves efficiency of proposed protocols. A long term secret key can be used and shared between two parties repeatedly. Classical cryptography methods currently used are unsafe and cannot detect the existence of passive attacks such as eavesdropping. Hence the combination of both classical as well as quantum cryptography is proposed.",,,,,,,,,,,,"Indian Journal of Computer Science and Engineering",,
"Assessment of air quality in Shivamoga City, Karnataka (India)",,20667620,,,,,,"English","Romania",,,,,"Thirumala Siddalingappa><H. B. Aravinda>< H. Makari","Environmental Engineering",,,,,"http://www.aes.bioflux.com.ro/docs/2011.3.12-16.pdf?AdobeSystemsPDFv17=8de658166e2a101df8d4ced66d61c8e9bd559843|1308298983#PDFP",,,3,1,"air quality, Karnataka, India, 2005-2009.",,,,,,,,,"January,2011",,"Assessment of the ambient air quality status in the selected location of Shivamoga city Karnataka State India was carried out for four years (2005 - 2009). Four stations (industrial, commercial, institutional and residential) of Shivamoga city were selected purposively to spotlight an overview of the total air quality of this region. The air quality was assessed based on measuring three air pollutants namely Suspended Particulate Matter (SPM), Oxides of Nitrogen (NOx) and Oxides of Sulphur (SOx). The average concentration of SPM in Amir Ahmed circle was the highest at 969.43 μg/m3 and was lowest at the Sahayadri college Campus (65.59 μg/m3). Vinobha nagar with an average of 803.46 μg/m3 is in the medium range as well as industrial area (269.00 μg/m3). The study shows that the average NO2 concentration was highest in Amir Ahmed circle (6.79 μg/m3), followed by Vinobha nagar (6.06 μg/m3), industrial area (2.97 μg/m3) and Sahayadri college Campus (1.97 μg/m3). The average SO2 concentration except Vinobha Nagr station (6.59 μg/m3) in all the other locations was below the detection level, i.e. 4 μg/m3. Amir Ahmed circle had the second highest value (2.89 μg/m3) followed by industrial area (1.49 μg/m3) and Sahayadri college campus (1.22 μg/m3). According to the air quality standards given by NAAQS and WHO standards, the SPM concentrations is high in Amir Ahmed circle and Industrial Area locations and SO2 and NOx pollutants values obtained are all within the standard level. Uncontrolled emission of pollutants by motorized traffic with heavy traffic jam is the main source of pollution in the urban area mainly.",,,,,,,,,,,,"Advances in Environmental Sciences",,
"Performance Evaluation of a Heavy Duty Chisel Plow at Various Tillage Depth and   Forward Speeds",,19417020,,,,,,"English","USA",,,,,"S.A. Al-Suhaibani><A.E. Ghaly","General and Civil Engineering",,,,,"http://www.scipub.org/fulltext/ajeas/ajeas34588-596.pdf",,,3,4,"Tillage, draft, unit draft, specific draft, coefficient of pull, sandy soil, instrumentation, chisel plow",,,,,,,,,2010,,"Tillage, draft, unit draft, specific draft, coefficient of pull, sandy soil, instrumentation, chisel plow Tillage is a process of creating a desirable soil condition for seed germination and growth. The tillage of soil is considered to be one of the biggest farm operations as the tillage operation requires the most energy on the farm. Manufacturers of tillage implements tend to overdesign their products due to a lack of the proper testing and analysis of tillage tools and the technical expertise required to optimize the farm operations. Chisel plow is widely used by farmers as a primary tillage tool. Performance data for chisel plow operation is essential in order to optimize its performance and reduce the cost of tillage operation. ",,,,,,,,,,,,"American Journal of Engineering and Applied Sciences",,
"Estimating the Distribution of Air Voids in Concrete",,14109530,,,,,,"English","Indonesia",,,,,"Beasman, L.E.><McCuen, R.H.","General and Civil Engineering",,,,,"http://puslit2.petra.ac.id/ejournal/index.php/civ/article/shop/18103/17995",,,13,1,"Concrete, air voids, gradation curves, simulation, linear-traverse method.",,,,,,,,,"March, 2011",,"Chord length measurements are used to estimate the volumetric distribution of air voids within hardened concrete samples. The accuracy of the Linear-Traverse method is questionable because chord lengths do not directly represent the actual volumes of the air voids. Using computer simulation, randomly generated concrete samples were analyzed using the Linear-Traverse method to compute the distribution of air voids, the chord length gradation curve, the chord length-to-traverse ratio, and the air void volume gradation curve. The current chord-length approach significantly underestimated the air void content. A method that estimates that air void gradation curve from the chord length gradation curve is presented. The computer simulation results are supported by a conceptual analysis. To obtain the most accurate estimate of the air void content, computer analyses showed that at least 15 traverse lines should be regularly spaced on the concrete sample.",,,,,,,,,,,,"Civil Engineering Dimension,",,
"Study of existence of linear and nonlinear wave in a non-Darcian fluid saturated porous medium ",,13136550,,,,,,"English","Bulgaria",,,,,"L. N. Achala><M. Venkatachalappa><N. Rudraiah","Mechanical Engineering",,,,,"http://www.m-hikari.com/atam/atam2010/atam9-12-2010/achalaATAM9-12-2010.pdf",,,3,11,"nonlinear wave, heterogeneous fluid, porous medium, Darcy-Lapwood- Forchheimer model, travelling waves, periodic waves",,,,,,,,,2010,,"Study of linear and nonlinear wave propagation in a heterogeneous fluid saturated porous medium is studied using both numerical and analytical techniques considering Darcy-Lapwood-Forchheimer model. This model leads to a system of nonlinear partial differential equations which are then reduced to two nonlinear ordinary differential equations with the help of an intermediate integral. In general, we observe that both linear and nonlinear travelling waves are non periodic. These waves are found to be periodic only when they propagate either horizontally or vertically for small porous parameter σ . Similar behaviour of waves is observed even in the Darcy regime. For a general reduced system there exist two singularities but in particular we have shown that for horizontally propagating waves or in the absence of quadratic drag, there exists only one singular point. The system of equations are linearised about this singular point and the nature of the waves is studied. The observations made in this paper can help to select a suitable material in material processing for specific end application and also help in better understanding of medical imaging techniques.",,,,,,,,,,,,"Advances in Theoretical and Applied Mechanics ",,
"Uses of liquid-metal and water heat pipes in space reactor power systems",,"2155658X",,,,,,"English","USA",,,,,"Mohamed S. El-Genk, Jean-Michel P. Tournier","Mechanical Engineering",,,,,"https://www.thermalfluidscentral.org/journals/index.php/Heat_Pipes/article/view/128",,,2,1,"liquid-metal, heat pipes , power systems, reactor power systems",,,,,,,,,2011,,"Water and liquid-metal heat pipes are considered for redundant and passive cooling of nuclear reactors and redundant operation of light-weight heat rejection radiators of space reactor power systems. The systems operate continuously for many years independent of the Sun, are enabling of deep space exploration and could provide 10's of kilowatts of electrical power for lunar and Martian outposts. Space reactors typically operate at 900 K – 1400 K could be cooled using liquid-metal heat pipes with either sodium (900 – 1100 K) or lithium (1100 K – 1400 K) working fluids. The heat rejection temperatures dictate the working fluid of the radiator heat pipes; potassium for 600 – 800 K, rubidium for 500 – 700 K, and water for < 500 K. These working fluids would be frozen prior to starting up the power systems in orbit or at destination. The startup of water and liquid-metal heat pipes from a frozen state is complex, involving a number of non-linear mass and heat transport processes that require implementing appropriate procedures, depending on the type of working fluid. This paper reviews operation and design constraints pertinent to the uses of water and liquidmetal heat pipes in space reactor systems, and the modeling capabilities of the startup from a frozen state. In addition to models validation, results of design optimization of liquid-metal and water heat pipes in a number of space reactor power systems are presented and discussed.",,,,,,,,,,,,"Frontiers in Heat Pipes",,
"On the Precipitation of Hydrides in Metals under Stress - Finite Deformation Approach",,18741584,,,,,,"English","USA",,,,,"Andreas G. Varias","Mechanical Engineering",,,,,"http://www.benthamscience.com/open/tomechj/articles/V004/1TOMECHJ.pdf",,,4,,"Terminal solid solubility, hydrogen, hydride.",,,,,,,,,2010,,"An analytic relation for the terminal solid solubility of hydrogen in a stressed metal is derived, based on finite deformation theory. Phase transformation is assumed to be a reversible process, which occurs under local chemical equilibrium among hydride, metal and hydrogen in solid solution. Hydrogen terminal solid solubility depends on stress due to the interaction of the applied stress field with the field of the expanding hydride as well as due to the reduction of hydrogen chemical potential in solid solution, caused by hydrostatic stress. The present analysis is complementary to hydrideinduced embrittlement studies in metals, under conditions, which require the use of finite deformations. ",,,,,,,,,,,,"The Open Mechanics Journal,",,
"Development of a Thermal Energy Storage for the Integration Solar Energy Project",,2579669,,,,,,"English","South Africa",,,,,"S.A. Sulaiman><F.L. Inambao","Mechanical Engineering",,,,,"http://www.saimeche.org.za/resource/collection/48753329-D6D0-4C4B-ADAD-27DC86A4EE14/2009_06_Sulaiman_and_Inambao_-_FINAL_-_2010__26__6-11.pdf",,,26,,"Solar cooking, molten salt, sodium nitrate, potassium nitrate",,,,,,,,,2010,,"Large percentages of the South African population have no access to grid power and are located at distances that make provision for such facility uneconomical. Also traditional fuels are under pressure. Most areas in South Africa receive 300 days of sunshine per year. The proposed solar system addresses the needs of such communities. The main objective of the paper is the development of a solar thermal energy storage system utilizing phase change material (PCM). The system allows for sensible heat storage as well as latent heat storage using PCM, which melts at sufficiently high temperatures for cooking a variety of food types. The right choice of a suitable PCM to take advantage of the latent heat absorbed during phase changes is important. The system can overcome the time mismatch between solar availability and demand. The developed prototype modules together as a system could provide the essential domestic power requirements of the target groups. This includes power for cooking and hot water provision. The thermal performance of the system was studied by experiments and selected results showed that the heat storage ratio of the cooker is relatively high and increases proportionately with higher heating power levels through the heat transfer pipe. Also during the phase change process, the heat storage cooker can provide a stable heat discharge rate and meet the demand for indoor thermal comfort to an acceptable extent. A mixture of sodium nitrate and potassium nitrate as latent heat storage offers an advantage compared to other materials, particularly when the cycling temperature is close to the phase change temperature and the phase change can be used quite frequently.",,,,,,,,,,,,"R&D Journal",,
"Building interactive modeling for construction education in virtual worlds",,14006529,,,,,,"English","Sweden",,,,,"Kihong Ku><Pushkar S. Mahabaleshwarkar","Civil Engineering",,,,,"http://www.itcon.org/cgi-bin/works/Show?2011_13",,,16,,"Building interactive Modeling, Virtual, Remote Collaboration, Role playing, Scenario, Building Information Modeling",,,,,,,,,"June,2010",,"The number of design and construction professionals who are using Building Information Modeling (BIM) is rapidly growing and simultaneously the architecture, engineering, and construction (AEC) community is faced with the challenge of remote collaboration as offshore outsourcing continues to grow. While BIM facilitates information sharing between AEC professionals via purpose-built three-dimensional (3D), 4D design, analysis, evaluation, and documentation models, the communication of such 3D data-rich models if often fragmented and typically limits real-time communication and interaction of users who may be geographically dispersed and/or lack the modeling and analyses skills to interact with these models. AEC education needs to expose students to these emerging practice changes while finding new ways to more effectively address the fundamentals of design and construction. Virtual worlds – in this research the Second Life platform – have the potential to address the communication issues and effectively complement traditional teaching approaches and furthermore integrate with BIM to enhance construction education. Nevertheless, despite the potential benefits of virtual worlds, various obstacles exist. This paper presents the concept of Building interactive Modeling (BiM) which complements the capabilities of BIM with social interaction to enhance collaborative information and knowledge sharing. Role-playing scenarios developed in Second Life demonstrate specific opportunities of BiM.",,,,,,,,,,,,"Electronic Journal of Information Technology in Construction",,
"Wireless Technologies for Integrated e-Operations in Offshore Environments",,14439255,,,,,,"English","Australia",,,,,"Halgamuge MN><Liyanage JP><Mendis P","Civil Engineering",,,,,"http://www.ejse.org/",,,"special Issue",,"Assets management, Integrated operations, offshore oil & gas production, wireless communication,",,,,,,,,,2010,,,,,,,,,,,,,,"Electronic Journal of Structural Engineering",,
"Applicability of Engineered Wetland Systems for Wastewater Treatment in Tanzania – A Review",,18748295,,,,,,"English","USA",,,,,"Stephen E. Mbuligwe><Mengiseny E. Kaseva><Gabriel R. Kassenga","Environmental Engineering",,,,,"http://www.benthamscience.com/open/toenviej/articles/V004/18TOENVIEJ.pdf",,,4,,"Engineered wetland systems (EWSs), Natural wetland systems, Treatment mechanisms, Wetlands classification,Wetlands performance. ",,,,,,,,,2011,,"In the literature on treatment wetlands, a technology that is fast gaining popularity in Tanzania as well as elsewhere in the world, there are misconceptions and missing background links which do not auger well for the development and dissemination of the technology. The misconceptions and missing links pertain to the background, types and classification, treatment mechanisms, and applicability of the technology. These deficiencies constitute the premise of this paper. The paper outlines the background of engineered wetland systems (EWSs) starting with natural treatment systems as a whole, expounding on the reversible transformations between wetlands and aquatic as well as land treatment systems. It particularly dwells on the background, classification, components, functions, treatment mechanisms, and performance as well as applicability of EWSs. Notably, the paper encompasses a discussion on mechanisms that affect pollutants removal in non – conventional EWSs like those employed in environmental remediation of contaminated sites. The paper also profiles treatment performance efficiency data for some existing EWSs. Furthermore, it discusses the applicability of the technology in Tanzania.",,,,,,,,,,,,"The Open Environmental Engineering Journal",,
"Monitoring Groundwater Contamination Using Surface Electrical Resistivity and Geochemical Methods ",,19453094,,,,,,"English","USA",,,,,"O. Akankpo, M. U. Igboekwe","Environmental Engineering",,,,,"http://www.scirp.org/journal/PaperInformation.aspx?paperID=4980",,,3,5,"Groundwater, Uyo Urban, Resistivity, VES, Dumpsites",,,,,,,,,"May. 2011",,"Surface electrical resistivity has been used as a tool in the detection of groundwater contamination. In this work, five geoelectric soundings with two at waste dumpsites have been carried out in Uyo, Southwestern Nigeria to map the gross layered structure of the refuse as well as the extent of groundwater contamination. The geology of the area (Benin Formation) mainly consists of fine-medium-coarse grained sands. The data of five Schlumberger Vertical Electrical Soundings (VES), with a maximum of AB/2=500 m, were analyzed using Hemkler computer program. In general, there exists a common feature in the resistivity variation pattern of high-low-high-low-high in the area. The result shows a wide range of resistivity variation ranging from 2.0 to 60700 ?m. Based on the survey results, the resistivity values less than 75 ?m shows contamination due to waste at Eka street and Udo street. Also, the high resistivity value at mechanic village (60700 ?m) may be related to the waste oil deposit due to the automobile repair activities. A comparison of the resistivity values and the curve types at the dumpsites (Eka street and Udo street) and other locations show that the two dumpsites have an H curve type indicating contaminated zones, while other locations have a K curve type indicating non contaminated zones. Hydrochemical analysis of groundwater samples collected in the area was also carried out for some physico-chemical parameters. The results produced higher concentration of conductivity, total dissolved solids and chloride values for water collected at close locations to dumpsites than those far away from the dumpsites: an evidence for a quantitative assessment of groundwater contamination.",,,,,,,,,,,,"Journal of Water Resource and Protection",,
"Hybrid Reconfigurable Petri Nets for modelling Hybrid Reconfigurable Manufacturing Systems",,17379393,,,,,,"English","Tunisia",,,,,"O. Lejri><M. Tagina","Manufactures ",,,,,"http://www.hypersciences.org/JSM/Iss.2-3-2010/JSM-1-2-3-2010.pdf",,,1,"2,3","Manufacturing systems, Hybrid systems, modelling, reconfiguration, Petri net,Hybrid Reconfigurable Petri Net.",,,,,,,,,2010,,"Manufacturing systems are a class of hybrid complex systems. In fact, their behavior is characterized by a double discrete/continuous dynamic which can make their modelling a difficult task. Moreover, this complexity can make fault appearance very often for those systems. For those reasons, the reconfiguration task is very important as it guarantees the continuity of working of those systems. This article deals with the modelling of hybrid reconfigurable manufacturing systems. A reconfigurable manufacturing system (RMS) is a system capable of adjusting his behaviour in response to a new production’s requirement or a fault appearance. We propose a Petri net’s extension ”Hybrid Reconfigurable Petri Nets” which permit the construction of flexible models able to adapt themselves to particular situations the system can reach. We translate this adaptation by the possibility of the model to be reconfigured or even better to be self-reconfigured.",,,,,,,,,,,,"Journal of Studies on Manufacturing",,
"Optimization of fatigue life computation in multiaxial fatigue",,17379318,,,,,,"English","Tunisia",,,,,"B. D. Soh Fotsing><B. Kenmeugne, G. F. Anago><M. Fogué","Mechanical Engineering",,,,,"http://www.hypersciences.org/JARME/Iss.4-2010/JARME-2-4-2010.pdf",,,1,4,"finite elements,circumscribing circle, Fogue, ",,,,,,,,,2010,,"This paper presents optimization methods for the computation of fatigue life in multiaxial fatigue. It begins with the definition of some fatigue criteria for multiaxial cyclic loading. This introduces the problem of the prevalence of random multiaxial loading in the service environment of mechanical components. Two types of fatigue criteria found in the literature are presented. A comparative analysis of these models is also presented: Robert Criterion and Fogué Criterion. The use of these fatigue models to predict the life of a component subjected to random multiaxial load is presented as well as the performance of each of these models is evaluated with test data obtained from a biaxial amplitude fatigue test. Finally, an analysis, which is aimed at reducing the computation time associated with the criteria, is presented. This analysis suggests that a valuable fatigue evaluation tool is now available to the mechanical design industry.",,,,,,,,,,,,"Journal of Advanced Research in Mechanical Engineering",,
"Hot Air Engines",,17353572,,,,,,"English","Iran",,,,,"P. Stouffs","Mechanical Engineering",,,,,"http://www.jafmonline.net/modules/journal/journal_browse.php?EJjid=12",,,4,2,"Hot air engine, Stirling engine, Ericsson engine, Joule cycle engine, External heat supply reciprocating engine",,,,,,,,,2011,,"Invented in 1816, the hot-air engines have known significant commercial success in the nineteenth century, before falling into disuse. Nowadays they enjoy a renewed interest for some specific applications. The ""hot-air engines"" family is made up of two groups: Stirling engines and Ericsson engines. The operating principle of Stirling and Ericsson engines, their troubled history, their advantages and their niche applications are briefly presented, especially in the field of micro-combined heat and power, solar energy conversion and biomass energy conversion. The design of an open cycle Ericsson engine for solar application is proposed. A first prototype of the hot part of the engine has been built and tested. Experimental results are presented.",,,,,,,,,,,,"Journal of Applied Fluid Mechanics",,
"Routing Mechanism for MANET in Disaster Area",,22299114,,,,,,"English","Malasia",,,,,"A.K. Vatsa><Prince Chauhan><Meenakshi Chauhan><Jyoti Sharma","Technology-General",,,,,"http://www.ijnmt.com/JournalPapers/Vol2No2/Vol2No2P1.pdf",,,2,2,"MANET (Mobile Ad-hoc Network), QoS (Quality of Service), Multicast Protocol, Routing, Request Reply Method, Address Allocation Scheme",,,,,,,,,"May, 2011",,"Mobile ad-hoc Network (MANET) are implemented anywhere where there is little or no communication infrastructure, or when the existing infrastructure is inconvenient to be used. The Mobile Ad-hoc networks have neither fixed topology nor centralized servers. It is assumed that once deployed the network nodes would self configure to provide connectivity and form a communication network. The communications are vital for efficient management and execution of disaster response and recovery effects. The emergency response personnel must be able to exchange information with each other anywhere, any time in order to successfully fulfill their mission. Mobile Ad-hoc networks are recommended for sufficient QoS (Quality of Service) in disaster conditions. In this paper we proposed routing mechanism by using various parameters like efficient address allocation over mesh based and tree based multicast through the random casting method of node selection and finally set up a path by using request reply technique over it. The proposed routing mechanism will be helpful for disaster area and enhance quality of service of communication.",,,,,,,,,,,,"International journal of network and mobile technologies",,
"Modeling and Analysis of Production System using Operational Petri Nets with Resources Sharing",,22299114,,,,,,"English","Malasia",,,,,"Sunita Kumawat and G.N. Purohit","Technology-General",,,,,"http://www.ijnmt.com/JournalPapers/Vol2No2/Vol2No2P2.pdf",,,2,2,"Production System, Petri Net, Operational Petri Net, Resources, Siphon",,,,,,,,,"May, 2011",,"In this Paper a new approach of modeling of a Production System (PS) introduced which based on new class of Petri nets called the Operational Petri Net with Resources (OPPNR) sharing. We divide the whole modeling procedure of production system into two stages in first stage a subnets are created for describing the process flows of each part type of PS and in second stage resource places which are represent the availability of resource types, to be added to the subnets. Using this modeling procedure an integrated Operational Petri Net with Resources model of any Production system is obtained, where a place denotes the different part types and resources, and transitions denote the starting and finishing of an operation through different part types and resources. For the illustration we model a Cell-phone Production System (CPPS) as an OPPNR model. For the analysis of behavioral properties of OPPNR model of Cell-phone Production System, a structural approach checking the minimal siphons based on strong reversibility of OPPNRs is adopted.",,,,,,,,,,,,"International journal of network and mobile technologies",,
"Wireless Controlled Two Wheel Balancing Robot",,22299114,,,,,,"English","Malasia",,,,,"Charles Yong><Chiew Foong Kwong","Technology-General",,,,,"http://www.ijnmt.com/JournalPapers/Vol2No2/Vol2No2P4.pdf",,,2,2,"IMU, Accelerometer, Gyroscope, Kalman Filter, PID Controller, Motor Back-EMF, PWM, RF Controlled Robot, UART",,,,,,,,,"May, 2011",,"The idea of two wheel self balancing robot had gain popularity among control system researchers worldwide over the last decade. This thesis aimed to design and build a two wheel self balancing robot that can be controlled remotely. The electronic circuit design for the robot was split into parts and connected together through ribbon cable. The robot chassis was constructed using acrylic and mounted on two motors with 440RPM. Battery weighing 80g was placed on top of the chassis.IMU, which comprises of a triple-axis accelerometer and a dual-axis gyroscope, was chosen as robot tilt angle sensor. Analog voltage readings from IMU were converted to tilt angle values and passed through Kalman filter for data fusion. A PID controller was incorporated to each motor for motor closed loop speed control with motor back-EMF readings as motor speed feedback and PWM duty cycle as controller output. A main PID controller was implemented as the control system for robot balancing with Kalman filtered tilt angle readings as feedback and motor PID controller speed set point value as controller output. A pair of 315MHz RF module was used for robot remote controlling. Data transmitted were encoded to minimize probability of interference by similar source. Microcontroller was linked to the computer through UART for data analyzing on the computer as well as real-time tuning of Kalman filter as well as PID controller through the computer. Lastly, the aim for this project was fully achieved. The robot was able to balance by itself on two wheels with little drift on smooth surface while powered up. The robot can be controlled by the RF controller to move in four directions with random delay caused by noise, which was  expected due to low cost RF module used.",,,,,,,,,,,,"International journal of network and mobile technologies",,
"BER Performance Evaluation of FFT-OFDM and DWT-OFDM",,22299114,,,,,,"English","Malasia",,,,,"Swati Sharma><Sanjeev Kumar","Technology-General",,,,,"http://www.ijnmt.com/JournalPapers/Vol2No2/Vol2No2P5.pdf",,,2,2,"OFDM, Bit Error Rate, FFT, DWT, AWGN, Rayleigh Channel, Rician Channel",,,,,,,,,"May, 2011",,"Orthogonal frequency division multiplexing (OFDM) is a special form of multi carrier transmission which has found its application in a number of wireless and wireline systems. In an OFDM scheme, a large number of orthogonal, overlapping, narrow band sub-channels or subcarriers, transmitted in parallel, divide the available transmission bandwidth. The separation of the subcarriers is theoretically minimal such that there is a very compact spectral utilization. This paper presents the overview and then the performance evaluation results of an OFDM system by using Fast Fourier Transform (FFT) and Discrete Wavelet Transform (DWT). The results presented in the paper are based on computer simulations performed using Matlab; a highly efficient tool for different applications.",,,,,,,,,,,,"International journal of network and mobile technologies",,
"Steady Heat Transfer through a Two-Dimensional Rectangular Straight Fin",,"1024123X",,,,,,"English","USA",,,,,"Raseelo J. Moitsheki><Atish Rowjee","Mechanical Engineering",,,,,"http://www.hindawi.com/journals/mpe/2011/826819/",,,,,"Heat Transfer, Fin Efficiency, Heat Flux, Linear Thermal Conductivity, Nonlinear Thermal Conductivity, Symmetry Analysis,",,,,,,,,,2011,,"Exact solutions for models describing heat transfer in a two-dimensional rectangular fin are constructed. Thermal conductivity, internal energy generation function, and heat transfer coefficient are assumed to be dependent on temperature. We apply the Kirchoff transformation on the governing equation. Exact solutions satisfying the realistic boundary conditions are constructed for the resulting linear equation. Symmetry analysis is carried out to classify the internal heat generation function, and some reductions are performed. Furthermore, the effects of physical parameters such as extension factor (the purely geometric fin parameter) and Biot number on temperature are analyzed. Heat flux and fin efficiency are studied.",,,,,,,,,,,,"Mathematical Problems in Engineering",,
"Review of heat transfer enhancement in different types of extended surfaces",,9755462,,,,,,"English","India",,,,,"A.B.Ganorkar>< V.M.Kriplani","Mechanical Engineering",,,,,"http://www.ijest.info/docs/IJEST11-03-04-124.pdf",,,3,4,"Extended surfaces ; heat exchangers ; heat transfer enhancement",,,,,,,,,2011,,"Extended surface heat exchangers are simple in construction and extensively used in many of the industries. Continuous Research is going on to improve its effectiveness by increasing fluid turbulence, generating secondary fluid flow patterns, reducing the thermal boundary layer thickness and increasing the heat transfer surface area. The present paper is a review of different types of arrangements of extended surfaces.",,,,,,,,,,,,"International Journal of Engineering Science and Technology",,
"Characteristics of water-vapour inversions observed over the Arctic by Atmospheric Infrared Sounder (AIRS) and radiosondes",,16807367,,,,,,"English","Germany",,,,,"A. Devasthale><J. Sedlar><M. Tjernström","Mechanical Engineering",,,,,"http://www.atmos-chem-phys-discuss.net/11/15801/2011/acpd-11-15801-2011.pdf",,,11,5,"Radio soundings, Climatology of WV, water-vapour, Atmospheric Infrared Sounder",,,,,,,,,2011,,"An accurate characterization of the vertical structure of the Arctic atmosphere is useful in climate change and attribution studies as well as for the climate modelling community to improve projections of future climate over this highly sensitive region. Here, we investigate one of the dominant features of the vertical structure of the Arctic atmosphere, i.e. water-vapour inversions, using eight years of Atmospheric Infrared Sounder data (2002–2010) and radiosounding profiles released from the two Arctic locations (North Slope of Alaska at Barrow and during SHEBA). We quantify the characteristics of clear-sky water vapour inversions in terms of their frequency of occurrence, strength and height covering the entire Arctic for the first time. We found that the frequency of occurrence of water-vapour inversions is highest during winter and lowest during summer. The inversion strength is, however, higher during summer. The observed peaks in the median inversion-layer heights are higher during the winter half of the year, at around 850 hPa over most of the Arctic Ocean, Siberia and the Canadian Archipelago, while being around 925 hPa during most of the summer half of the year over the Arctic Ocean. The radiosounding profiles agree with the frequency, location and strength of water-vapour inversions in the Pacific sector of the Arctic. In addition, the radiosoundings indicate that multiple inversions are the norm with relatively few cases without inversions. The amount of precipitable water within the water-vapour inversion structures is estimated and we find a distinct, two-mode contribution to the total column precipitable water. These results suggest that water-vapour inversions are a significant source to the column thermodynamics, especially during the colder winter and spring seasons. We argue that these inversions are a robust metric to test the reproducibility of thermodynamics within climate models. An accurate statistical representation of water-vapour inversions in models would mean that the large-scale coupling of moisture transport, precipitation, temperature and water vapour vertical structure and radiation are also essentially captured well in such models.",,,,,,,,,,,,"Atmospheric Chemistry and Physics Discussions",,
"Effects of Hot Water, Submergence Time and Storage Duration on Quality of Dragon Fruit (Hylocereus polyrhizus)",,19169752,,,,,,"English","Canada",,,,,"Mok Sam Lum><M. A. Norazira","Environmental Engineering",,,,,"http://www.ccsenet.org/journal/index.php/jas/article/view/3303/7022",,,3,1,"Dragon fruit, Hot water temperature, Submergence time, Postharvest produce",,,,,,,,,2011,,"This study was conducted to determine the effects of hot water temperature, time of submergence and storage duration on dragon fruit (Hylocereus polyrhizus). Fresh harvested dragon fruits were treated with hot water temperatures at 35, 45 and 60 ?C and time of submergence for 15, 30 and 60 minutes for 0, 5, 10 and 15 days of storage. The result showed that the hot water temperature significantly affected (p<0.05) the percentage of weight loss, titratable acidity (TA) and firmness of dragon fruit. The highest percentage of weight loss (12.80 %) was the fruit treated with hot water at 60°C and submergence for 60 minutes whereas the lowest percentage of weight loss (5.05 %) was the fruit treated with hot water at 35 °C for 60 minutes. Dragon fruit treated with hot water at 35 °C has high percentage of TA, 2.44 %. Fruit which was submergence in hot water at 35 °C showed the highest fruit firmness. The result also showed that the interaction between the three factors significantly affected (p<0.05) the percentage of weight loss, TA and pH of the fruits. TA decreased and pH increased for the fruit treated with hot water at 35 °C and submergence for 60 minutes. The interaction between hot water temperature at 35 °C and time of submergence for 60 minutes effectively reduced the weight loss and acidity of the dragon fruit (p<0.05). The shelf life and quality of dragon fruits can be extended using proper submergence time of hot water treatment.",,,,,,,,,,,,"Journal of Agricultural Science",,
"Computer aided design of waste water treatment plant with activated sludge process",,9755462,,,,,,"English","India",,,,," K. Sundara Kumar","Environmental Engineering",,,,,"http://www.ijest.info/docs/IJEST11-03-04-242.pdf",,,3,4,"Wastewater treatment, Activated Sludge Process, Aeration tank, Computer Aided Design",,,,,,,,,2011,,"There are two fundamental reasons for treatment of wastewater viz., prevention of pollution and thereby protecting the environment, and protecting the public health by safe guarding water supplies andpreventing the spread of water borne diseases. Proper design, construction together with good operation and maintenance are essential for waste water treatment plants (WWTP), in order to produce effluents which are satisfying the safe disposal standards prescribed by the regulatory authorities. In this work a computer program in C++ has been developed for comprehensive design of wastewater treatment plant which incorporates activated sludge process as biological treatment method. All the units of WWTP areincluded in the design and the program is developed in a very user friendly manner by referring various standard procedures and manuals. The validity of the software has been verified by test running andcomparison with an existing plant data. This program not only helps in sizing the treatment units but also helps in understanding the plant’s capacity as well as in deciding the future expansion works needed for increased hydraulic and organic loadings.",,,,,,,,,,,,"International Journal of Engineering Science and Technology",,
