"Benefits of Nursery Education in India",,,,,,,,"English",,,,,,"Miks","Education",,,,,"http://articles.cbseguess.com/2011/04/24/benefits-of-nursery-education-in-india/",,,,,"Child Education, Education in India, Children Education",,,,,,,,,2011,,"In India, pre-school is divided into three stages. These three stages are Playgroup, Lower Kindergaten (LKG) and Upper Kindergarten. Nursery School Education helps young children learn as they play. Here they learn to play with materials. Here they also learn to cope up to live with other children and teachers. Nursery School Education is the stepping stone for your child’s education. When you admit your child in school, you learn also learn as a parent by observing your child. Here you get to learn many things about human relations.",,,,,,,,,,,,,,
"Importance of Education in Children",,,,,,,,"English",,,,,,"Miks","Special Education",,,,,"http://articles.cbseguess.com/2011/04/24/importance-of-education-in-children/#more-76",,,,,"Self Improvement, Importance of Education, Children Education",,,,,,,,,2011,,"Education is an important part of any child’s life. By getting a quality education, we can better ensure that our children will be successful in the future. Today, America is more of a service and technology industry than a physical labor economy. Hence, education is more important than ever before. This is why you should teach your children the value of an education at a young age. You should choose the best preschools in St. Petersburg to send them to. This may seem a bit tedious or unnecessary since your children are so young. If you build a good foundation for your children, they will be able to build off of that in the future. When children learn things at a young age, they are much more apt to abide by these teachings in the future. Therefore, as you begin to research preschools in St. Petersburg feel free to let your children join in on the fun. It can be a great bonding opportunity and learning experience for both you and the child.",,,,,,,,,,,,,,
"Online Education Courses Can Assist Your Career Search",,,,,,,,"English",,,,,,"Miks","Education><Special Education ",,,,,"http://articles.cbseguess.com/2011/04/24/online-education-courses-can-assist-your-career-search/#more-75",,,,,"Online Education, Careers",,,,,,,,,2011,,"If you are doing a career search on the Internet, you will come across thousands of websites that can help you select a good career. Before you look at a career, you need to first get the training and skills for the job that you are looking for. If you are looking at education at a campus, you will have to go personally to the college or university to get the application forms.

After enrolling for the specific course or courses, you will have to attend classes and then give examinations to qualify for degrees or diplomas. The traditional way of learning is still preferred these days; however, non availability of qualified trainers, lack of infrastructure, and other factors makes the classroom training a bit difficult.",,,,,,,,,,,,,,
"Education System in India for Kids",,,,,,,,"English",,,,,,"Miks","Education><Special Education ",,,,,"http://articles.cbseguess.com/2011/04/24/education-system-in-india-for-kids/#more-74",,,,,"Education System, Child Education",,,,,,,,,2011,,"Education in India is an economic option with the department of Education deciding on free education for children till class fifth. If nothing else, it’s the free meals that are a major hit with the children drawing even dropouts to come back to schools. The school education system in India is hierarchical and regulated by academic boards such as the CBSE, the ICSE, the State boards and is categorized into levels such as the preprimary before class first, primary from class 1 to 5, middle (or intermediate) from classes 6 to 8, secondary (or high school) from classes 9 and 10, and senior secondary which is the 10+2.",,,,,,,,,,,,,,
"Landmark Education’s Success",,,,,,,,"English",,,,,,"Miks","Education><Special Education ",,,,,"http://articles.cbseguess.com/2011/04/24/landmark-education%e2%80%99s-success/#more-73",,,,,"Education System, Child Education",,,,,,,,,2011,,"Landmark Education is indeed one of the many personal training and development programs out there. However, their results cannot be termed as being average. If you simply Google the miracle that is Landmark Education, you are bound to come across one or perhaps even more of the success stories that have been inspired by the teaching that is part of Landmark Education’s coursework.",,,,,,,,,,,,,,
"Why Not Train As A Registered Medical Assistant?",,,,,,,,"English",,,,,,"Miks","Education",,,,,"http://articles.cbseguess.com/2011/02/03/why-not-train-as-a-registered-medical-assistant/#more-71",,,,,"Higher Education, Careers",,,,,,,,,2011,,"Jobs as a registered medical assistant are expected to become one of the highest growing occupations over the next ten to fifteen years. As the population ages, the demand for this profession will increase exponentially. Medical assistants who hold licenses and certifications will be in highest demand.

Those who are interested in medical assistant training should graduate from high school with a diploma. Programs in the medical assisting field are offered through computer training schools, vocational schools, and community colleges. Course work studied should include anatomy and physiology, business education, medical terminology, transcription, and insurance processing. ",,,,,,,,,,,,,,
"College Planning - Start Young!",,,,,,,,"English",,,,,,"Miks","Education",,,,,"http://articles.cbseguess.com/2011/02/03/college-planning-start-young/#more-70",,,,,"Higher Education, Careers",,,,,,,,,2011,,"Certainly, as readers of this article about college planning, you are parents involved in your children’s lives and you want only the best for them. Parents want their children to be at least as successful you have been in life. This does not just mean monetary success. We all want happy and healthy kids. Monetary success is also very important in the world today. The best way for children to achieve success in life, monetarily and otherwise, is to enter and graduate from a respectable college or university.

Studies show that young adults who attend college have better critical thinking skills, are healthier, smoke far less and are more physically active than those who do not attend college. ",,,,,,,,,,,,,,
"Online Tutoring For Children - 5 Simple Benefits That Parents Get From Using Online Tutors",,,,,,,,"English",,,,,,"Miks","Education",,,,,"http://articles.cbseguess.com/2011/02/03/online-tutoring-for-children-5-simple-benefits-that-parents-get-from-using-online-tutors/#more-69",,,,,"Online Education, Careers",,,,,,,,,2011,,"Most parents seek tutoring when their children need additional learning support. Online tutoring offers an alternative to the traditional face-to-face tutoring but not many parents know that they can find and select tutors for their children through the Internet. Also many parents do not know the benefits associated with this type of educational coaching. The fact is this service is growing and if it is to continually grow it is important that parents know how online tutoring will benefit them and their children. Below are five simple benefits that parents can have from services such as Tutorfi.com. ",,,,,,,,,,,,,,
"What Are The Essential Needs For Proper Classroom Furniture?",,,,,,,,"English",,,,,,"Miks","Education",,,,,"http://articles.cbseguess.com/2011/02/03/what-are-the-essential-needs-for-proper-classroom-furniture/#more-68",,,,,"Business School, Classroom",,,,,,,,,2011,,"Each instructor will have different needs in regard to what kinds of furniture they will need to be placed around the classroom. This means that each classroom setup will be different and unique from any other. Classroom storage is one thing to keep in mind when planning out the room because there are plenty of items that need to be kept in a safe place when they are not in use. Craft products, books, primary resource maths, and other supplies all need their own storage locations in the room to make sure everything can be pulled out at anytime during the day. The way the room is set up should create the perfect teaching environment for the teacher and a superb learning environment for the students. A teacher must be able to control his or her class in the fashion they feel most comfortable with. ",,,,,,,,,,,,,,
"Baking and Pastry – A Profession Steeped in Tradition Progresses with Modern Training",,,,,,,,"English",,,,,,"Miks","Education",,,,,"http://articles.cbseguess.com/2010/10/13/baking-and-pastry-%e2%80%93-a-profession-steeped-in-tradition-progresses-with-modern-training/#more-67",,,,,"Special Education",,,,,,,,,2010,,"Becoming a baking and pastry professional can lead you down a number of different avenues. You can work at a small shop or a large hotel or commercial production facility. You can also specialize or be a generalist, knowing a wide range of baking and pastry skills. Eventually you will probably tend to narrow your skills and expertise.",,,,,,,,,,,,,,
