"A Christmas Carol ",,,,,106,,,"English",,823,,,,"Charles Dickens","English Stories><Fiction",,,,,"http://www.planetebook.com/ebooks/A-Christmas-Carol.pdf",,,,,"English Story, Short Stories, Fiction",,,,,,,,,,"5-9",,,,,,,,,,,,,,,
"A Portrait of the Artist as a Young Man",,,,,317,,,"English",,823,,,,"James Joyce","English Stories><Fiction",,,,,"http://www.planetebook.com/ebooks/A-Portrait-of-the-Artist-as-a-Young-Man.pdf",,,,,"English Story, Short Stories, Fiction",,,,,,,,,,"5-9",,,,,,,,,,,,,,,
"A Tale of Two Cities",,,,,536,,,"English",,823,,,,"Charles Dickens","English Stories><Fiction",,,,,"http://www.planetebook.com/ebooks/A-Tale-of-Two-Cities-2.pdf",,,,,"English Story, Short Stories, Fiction",,,,,,,,,,"5-9",,,,,,,,,,,,,,,
"Aesop’s Fables",,,,,89,,,"English",,823,,,,"Aesop, Circa","English Stories><Fiction",,,,,"http://www.planetebook.com/ebooks/Aesop%27s-Fables.pdf",,,,,"English Story, Short Stories, Fiction",,,,,,,,,,"5-9",,,,,,,,,,,,,,,
"Agnes Grey",,,,,253,,,"English",,823,,,,"Anne Brontë","English Stories><Fiction",,,,,"http://www.planetebook.com/ebooks/Agnes-Grey.pdf",,,,,"English Story, Short Stories, Fiction",,,,,,,,,,"5-9",,,,,,,,,,,,,,,
"Alice's Adventures in Wonderland ",,,,,107,,,"English",,823,,,,"Lewis Caroll","English Stories><Fiction",,,,,"http://www.planetebook.com/ebooks/Alices-Adventures-in-Wonderland.pdf",,,,,"English Story, Short Stories, Fiction",,,,,,,,,,"5-9",,,,,,,,,,,,,,,
"Andersen’s Fairy Tales",,,,,200,,,"English",,823,,,,"Hans Christian Andersen","English Stories><Fiction",,,,,"http://www.planetebook.com/ebooks/Andersens-Fairy-Tales.pdf",,,,,"English Story, Short Stories, Fiction",,,,,,,,,,"5-9",,,,,,,,,,,,,,,
"Anne of Green Gables",,,,,391,,,"English",,823,,,,"Lucy Maud Montgomery","English Stories><Fiction",,,,,"http://www.planetebook.com/ebooks/Anne-of-Green-Gables.pdf",,,,,"English Story, Short Stories, Fiction",,,,,,,,,,"5-9",,,,,,,,,,,,,,,
"Anna Karenina",,,,,1423,,,"English",,823,,,,"Leo Tolstoy","English Stories><Fiction",,,,,"http://www.planetebook.com/ebooks/Anna-Karenina.pdf",,,,,"English Story, Short Stories, Fiction",,,,,,,,,,"5-9",,,,,,,,,,,,,,,
"Around the World in 80 Days",,,,,279,,,"English",,823,,,,"Jules Verne","English Stories><Fiction",,,,,"http://www.planetebook.com/ebooks/Around-the-World-in-80-Days.pdf",,,,,"English Story, Short Stories, Fiction",,,,,,,,,,"5-9",,,,,,,,,,,,,,,
"Beyond Good and Evil ",,,,,250,,,"English",,823,,,,"Friedrich Nietzsche","English Stories><Fiction",,,,,"http://www.planetebook.com/ebooks/Beyond-Good-and-Evil.pdf",,,,,"English Story, Short Stories, Fiction",,,,,,,,,,"5-9",,,,,,,,,,,,,,,
"Bleak House",,,,,1307,,,"English",,823,,,,"Charles Dickens","English Stories><Fiction",,,,,"http://www.planetebook.com/ebooks/Bleak-House.pdf",,,,,"English Story, Short Stories, Fiction",,,,,,,,,,"5-9",,,,,,,,,,,,,,,
"Crime and Punishment",,,,,767,,,"English",,823,,,,"Fyodor Dostoevsky","English Stories><Fiction",,,,,"http://www.planetebook.com/ebooks/Crime-and-Punishment-2.pdf",,,,,"English Story, Short Stories, Fiction",,,,,,,,,,"5-9",,,,,,,,,,,,,,,
"David Copperfield",,,,,1307,,,"English",,823,,,,"Charles Dickens","English Stories><Fiction",,,,,"http://www.planetebook.com/ebooks/David-Copperfield.pdf",,,,,"English Story, Short Stories, Fiction",,,,,,,,,,"5-9",,,,,,,,,,,,,,,
"Down and Out in Paris and London",,,,,254,,,"English",,823,,,,"George Orwell,","English Stories><Fiction",,,,,"http://www.planetebook.com/ebooks/Down-and-Out-in-Paris-and-London.pdf",,,,,"English Story, Short Stories, Fiction",,,,,,,,,,"5-9",,,,,,,,,,,,,,,
"Dracula",,,,,542,,,"English",,823,,,,"Bram Stoker","English Stories><Fiction",,,,,"http://www.planetebook.com/ebooks/Dracula-2.pdf",,,,,"English Story, Short Stories, Fiction",,,,,,,,,,"5-9",,,,,,,,,,,,,,,
"Dubliners",,,,,257,,,"English",,823,,,,"James Joyce","English Stories><Fiction",,,,,"http://www.planetebook.com/ebooks/Dubliners.pdf",,,,,"English Story, Short Stories, Fiction",,,,,,,,,,"5-9",,,,,,,,,,,,,,,
"Emma",,,,,594,,,"English",,823,,,,"Jane Austen","English Stories><Fiction",,,,,"http://www.planetebook.com/ebooks/Emma.pdf",,,,,"English Story, Short Stories, Fiction",,,,,,,,,,"5-9",,,,,,,,,,,,,,,
"Erewhon",,,,,308,,,"English",,823,,,,"Samuel Butler","English Stories><Fiction",,,,,"http://www.planetebook.com/ebooks/Erewhon.pdf",,,,,"English Story, Short Stories, Fiction",,,,,,,,,,"5-9",,,,,,,,,,,,,,,
"For the Term of His Natural Life",,,,,723,,,"English",,823,,,,"Marcus Clarke","English Stories><Fiction",,,,,"http://www.planetebook.com/ebooks/For-the-Term-of-His-Natural-Life.pdf",,,,,"English Story, Short Stories, Fiction",,,,,,,,,,"5-9",,,,,,,,,,,,,,,
"Frankenstein",,,,,277,,,"English",,823,,,,"Mary Shelley","English Stories><Fiction",,,,,"http://www.planetebook.com/ebooks/Frankenstein.pdf",,,,,"English Story, Short Stories, Fiction",,,,,,,,,,"5-9",,,,,,,,,,,,,,,
"Great Expectations",,,,,685,,,"English",,823,,,,"Charles Dickens","English Stories><Fiction",,,,,"http://www.planetebook.com/ebooks/Great-Expectations.pdf",,,,,"English Story, Short Stories, Fiction",,,,,,,,,,"5-9",,,,,,,,,,,,,,,
"Grimm's Fairy Tales",,,,,373,,,"English",,823,,,,"Brothers Grimm","English Stories><Fiction",,,,,"http://www.planetebook.com/ebooks/Grimms-Fairy-Tales-2.pdf",,,,,"English Story, Short Stories, Fiction",,,,,,,,,,"5-9",,,,,,,,,,,,,,,
"Gulliver's Travels",,,,,383,,,"English",,823,,,,"Jonathan Swift","English Stories><Fiction",,,,,"http://www.planetebook.com/ebooks/Gulliver%27s-Travels.pdf",,,,,"English Story, Short Stories, Fiction",,,,,,,,,,"5-9",,,,,,,,,,,,,,,
"Heart of Darkness",,,,,131,,,"English",,823,,,,"Joseph Conrad","English Stories><Fiction",,,,,"http://www.planetebook.com/ebooks/Heart-of-Darkness.pdf",,,,,"English Story, Short Stories, Fiction",,,,,,,,,,"5-9",,,,,,,,,,,,,,,
"Jane Eyre",,,,,691,,,"English",,823,,,,"Charlotte Brontë","English Stories><Fiction",,,,,"http://www.planetebook.com/ebooks/Jane-Eyre.pdf",,,,,"English Story, Short Stories, Fiction",,,,,,,,,,"5-9",,,,,,,,,,,,,,,
"Kidnapped",,,,,299,,,"English",,823,,,,"Robert Louis Stevenson","English Stories><Fiction",,,,,"http://www.planetebook.com/ebooks/Kidnapped.pdf",,,,,"English Story, Short Stories, Fiction",,,,,,,,,,"5-9",,,,,,,,,,,,,,,
"Lady Chatterly’s Lover",,,,,447,,,"English",,823,,,,"D. H. Lawrence","English Stories><Fiction",,,,,"http://www.planetebook.com/ebooks/Lady-Chatterly%27s-Lover.pdf",,,,,"English Story, Short Stories, Fiction",,,,,,,,,,"5-9",,,,,,,,,,,,,,,
"Les Miserables",,,,,2453,,,"English",,823,,,,"Victor Hugo","English Stories><Fiction",,,,,"http://www.planetebook.com/ebooks/Les-Miserables.pdf",,,,,"English Story, Short Stories, Fiction",,,,,,,,,,"5-9",,,,,,,,,,,,,,,
"Little Women",,,,,684,,,"English",,823,,,,"Louisa May Alcott","English Stories><Fiction",,,,,"http://www.planetebook.com/ebooks/Little-Women.pdf",,,,,"English Story, Short Stories, Fiction",,,,,,,,,,"5-9",,,,,,,,,,,,,,,
"Madame Bovary ",,,,,457,,,"English",,823,,,,"Gustave Flaubert","English Stories><Fiction",,,,,"http://www.planetebook.com/ebooks/Madame-Bovary.pdf",,,,,"English Story, Short Stories, Fiction",,,,,,,,,,"5-9",,,,,,,,,,,,,,,
"Middlemarch",,,,,1193,,,"English",,823,,,,"George Eliot","English Stories><Fiction",,,,,"http://www.planetebook.com/ebooks/Middlemarch.pdf",,,,,"English Story, Short Stories, Fiction",,,,,,,,,,"5-9",,,,,,,,,,,,,,,
"Moby Dick",,,,,861,,,"English",,823,,,,"Herman Melville","English Stories><Fiction",,,,,"http://www.planetebook.com/ebooks/Moby-Dick.pdf",,,,,"English Story, Short Stories, Fiction",,,,,,,,,,"5-9",,,,,,,,,,,,,,,
"Northanger Abbey ",,,,,288,,,"English",,823,,,,"Jane Austen","English Stories><Fiction",,,,,"http://www.planetebook.com/ebooks/Northanger-Abbey.pdf",,,,,"English Story, Short Stories, Fiction",,,,,,,,,,"5-9",,,,,,,,,,,,,,,
"Nostromo: A Tale of the Seaboard",,,,,627,,,"English",,823,,,,"Joseph Conrad,","English Stories><Fiction",,,,,"http://www.planetebook.com/ebooks/Nostromo-A-Tale-of-the-Seaboard.pdf",,,,,"English Story, Short Stories, Fiction",,,,,,,,,,"5-9",,,,,,,,,,,,,,,
"Notes from the Underground",,,,,167,,,"English",,823,,,,"Fyodor Dostoevsky","English Stories><Fiction",,,,,"http://www.planetebook.com/ebooks/Notes-from-the-Underground.pdf",,,,,"English Story, Short Stories, Fiction",,,,,,,,,,"5-9",,,,,,,,,,,,,,,
"Of Human Bondage",,,,,1009,,,"English",,823,,,,"W. Somerset Maugham","English Stories><Fiction",,,,,"http://www.planetebook.com/ebooks/Of-Human-Bondage.pdf",,,,,"English Story, Short Stories, Fiction",,,,,,,,,,"5-9",,,,,,,,,,,,,,,
"Oliver Twist",,,,,641,,,"English",,823,,,,"Charles Dickens","English Stories><Fiction",,,,,"http://www.planetebook.com/ebooks/Oliver-Twist.pdf",,,,,"English Story, Short Stories, Fiction",,,,,,,,,,"5-9",,,,,,,,,,,,,,,
"Paradise Lost",,,,,375,,,"English",,823,,,,"John Milton","English Stories><Fiction",,,,,"http://www.planetebook.com/ebooks/Paradise-Lost.pdf",,,,,"English Story, Short Stories, Fiction",,,,,,,,,,"5-9",,,,,,,,,,,,,,,
"Persuasion ",,,,,304,,,"English",,823,,,,"Jane Austen","English Stories><Fiction",,,,,"http://www.planetebook.com/ebooks/Persuasion.pdf",,,,,"English Story, Short Stories, Fiction",,,,,,,,,,"5-9",,,,,,,,,,,,,,,
"Pollyanna ",,,,,243,,,"English",,823,,,,"Eleanor H. Porter","English Stories><Fiction",,,,,"http://www.planetebook.com/ebooks/Pollyanna.pdf",,,,,"English Story, Short Stories, Fiction",,,,,,,,,,"5-9",,,,,,,,,,,,,,,
"Pride and Prejudice",,,,,479,,,"English",,823,,,,"Jane Austen","English Stories><Fiction",,,,,"http://www.planetebook.com/ebooks/Pride-and-Prejudice.pdf",,,,,"English Story, Short Stories, Fiction",,,,,,,,,,"5-9",,,,,,,,,,,,,,,
"Robinson Crusoe",,,,,393,,,"English",,823,,,,"Daniel Defoe","English Stories><Fiction",,,,,"http://www.planetebook.com/ebooks/Robinson-Crusoe.pdf",,,,,"English Story, Short Stories, Fiction",,,,,,,,,,"5-9",,,,,,,,,,,,,,,
"Sense and Sensibility",,,,,459,,,"English",,823,,,,"Jane Austen","English Stories><Fiction",,,,,"http://www.planetebook.com/ebooks/Sense-and-Sensibility.pdf",,,,,"English Story, Short Stories, Fiction",,,,,,,,,,"5-9",,,,,,,,,,,,,,,
"Sons and Lovers",,,,,641,,,"English",,823,,,,"D. H. Lawrence","English Stories><Fiction",,,,,"http://www.planetebook.com/ebooks/Sons-and-Lovers.pdf",,,,,"English Story, Short Stories, Fiction",,,,,,,,,,"5-9",,,,,,,,,,,,,,,
"Swanns Way ",,,,,1280,,,"English",,823,,,,"Marcel Proust","English Stories><Fiction",,,,,"http://www.planetebook.com/ebooks/Swanns-Way.pdf",,,,,"English Story, Short Stories, Fiction",,,,,,,,,,"5-9",,,,,,,,,,,,,,,
"Tarzan of the Apes",,,,,342,,,"English",,823,,,,"Edgar Rice Burroughs","English Stories><Fiction",,,,,"http://www.planetebook.com/ebooks/Tarzan-of-the-Apes.pdf",,,,,"English Story, Short Stories, Fiction",,,,,,,,,,"5-9",,,,,,,,,,,,,,,
"Tender is the Night",,,,,459,,,"English",,823,,,,"F. Scott Fitzgerald","English Stories><Fiction",,,,,"http://www.planetebook.com/ebooks/Tender-is-the-Night.pdf",,,,,"English Story, Short Stories, Fiction",,,,,,,,,,"5-9",,,,,,,,,,,,,,,
"Tess of the d’Urbervilles",,,,,584,,,"English",,823,,,,"Thomas Hardy","English Stories><Fiction",,,,,"http://www.planetebook.com/ebooks/Tess-of-the-dUrbervilles.pdf",,,,,"English Story, Short Stories, Fiction",,,,,,,,,,"5-9",,,,,,,,,,,,,,,
"The Adventures of Huckleberry Finn",,,,,397,,,"English",,823,,,,"Mark Twain","English Stories><Fiction",,,,,"http://www.planetebook.com/ebooks/The-Adventures-of-Huckleberry-Finn.pdf",,,,,"English Story, Short Stories, Fiction",,,,,,,,,,"5-9",,,,,,,,,,,,,,,
"The Adventures of Tom Sawyer",,,,,285,,,"English",,823,,,,"Mark Twain","English Stories><Fiction",,,,,"http://www.planetebook.com/ebooks/The-Adventures-of-Tom-Sawyer.pdf",,,,,"English Story, Short Stories, Fiction",,,,,,,,,,"5-9",,,,,,,,,,,,,,,
"The Brothers Karamazov",,,,,1313,,,"English",,823,,,,"Fyodor Dostoevsky","English Stories><Fiction",,,,,"http://www.planetebook.com/ebooks/The-Brothers-Karamazov.pdf",,,,,"English Story, Short Stories, Fiction",,,,,,,,,,"5-9",,,,,,,,,,,,,,,
"The Great Gatsby ",,,,,193,,,"English",,823,,,,"Scott Fitzgerald","English Stories><Fiction",,,,,"http://www.planetebook.com/ebooks/The-Great-Gatsby.pdf",,,,,"English Story, Short Stories, Fiction",,,,,,,,,,"5-9",,,,,,,,,,,,,,,
"The Hound of the Baskervilles",,,,,233,,,"English",,823,,,,"Arthur Conan Doyle","English Stories><Fiction",,,,,"http://www.planetebook.com/ebooks/The-Hound-of-the-Baskervilles.pdf",,,,,"English Story, Short Stories, Fiction",,,,,,,,,,"5-9",,,,,,,,,,,,,,,
"The Idiot",,,,,2479,,,"English",,823,,,,"Fyodor Dostoevsky","English Stories><Fiction",,,,,"http://www.planetebook.com/ebooks/The-Idiot.pdf",,,,,"English Story, Short Stories, Fiction",,,,,,,,,,"5-9",,,,,,,,,,,,,,,
"The Iliad",,,,,509,,,"English",,823,,,,"Homer, Circa","English Stories><Fiction",,,,,"http://www.planetebook.com/ebooks/The-Illiad.pdf",,,,,"English Story, Short Stories, Fiction",,,,,,,,,,"5-9",,,,,,,,,,,,,,,
"The Island of Doctor Moreau",,,,,171,,,"English",,823,,,,"H. G. Wells","English Stories><Fiction",,,,,"http://www.planetebook.com/ebooks/The-Island-of-Doctor-Moreau.pdf",,,,,"English Story, Short Stories, Fiction",,,,,,,,,,"5-9",,,,,,,,,,,,,,,
"The Jungle Book",,,,,189,,,"English",,823,,,,"Rudyard Kipling","English Stories><Fiction",,,,,"http://www.planetebook.com/ebooks/The-Jungle-Book.pdf",,,,,"English Story, Short Stories, Fiction",,,,,,,,,,"5-9",,,,,,,,,,,,,,,
"The Last of the Mohicans",,,,,559,,,"English",,823,,,,"James Fenimore Cooper","English Stories><Fiction",,,,,"http://www.planetebook.com/ebooks/The-Last-of-the-Mohicans.pdf",,,,,"English Story, Short Stories, Fiction",,,,,,,,,,"5-9",,,,,,,,,,,,,,,
"The Legend of Sleepy Hollow",,,,,43,,,"English",,823,,,,"Washington Irving","English Stories><Fiction",,,,,"http://www.planetebook.com/ebooks/The-Legend-of-Sleepy-Hollow.pdf",,,,,"English Story, Short Stories, Fiction",,,,,,,,,,"5-9",,,,,,,,,,,,,,,
"The Odyssey",,,,,443,,,"English",,823,,,,"Homer, Circa","English Stories><Fiction",,,,,"http://www.planetebook.com/ebooks/The-Odyssey.pdf",,,,,"English Story, Short Stories, Fiction",,,,,,,,,,"5-9",,,,,,,,,,,,,,,
"The Merry Adventures of Robin Hood",,,,,395,,,"English",,823,,,,"Howard Pyle","English Stories><Fiction",,,,,"http://www.planetebook.com/ebooks/The-Merry-Adventures-of-Robin-Hood.pdf",,,,,"English Story, Short Stories, Fiction",,,,,,,,,,"5-9",,,,,,,,,,,,,,,
"The Metamorphosis",,,,,77,,,"English",,823,,,,"Franz Kafka","English Stories><Fiction",,,,,"http://www.planetebook.com/ebooks/The-Metamorphosis.pdf",,,,,"English Story, Short Stories, Fiction",,,,,,,,,,"5-9",,,,,,,,,,,,,,,
"The Picture of Dorian Gray",,,,,198,,,"English",,823,,,,"Oscar Wilde","English Stories><Fiction",,,,,"http://www.planetebook.com/ebooks/The-Picture-of-Dorian-Gray.pdf",,,,,"English Story, Short Stories, Fiction",,,,,,,,,,"5-9",,,,,,,,,,,,,,,
"The Portrait of a Lady",,,,,837,,,"English",,823,,,,"Henry James","English Stories><Fiction",,,,,"http://www.planetebook.com/ebooks/The-Portrait-of-a-Lady.pdf",,,,,"English Story, Short Stories, Fiction",,,,,,,,,,"5-9",,,,,,,,,,,,,,,
"The Prince ",,,,,194,,,"English",,823,,,,"Nicolo Machiavelli","English Stories><Fiction",,,,,"http://www.planetebook.com/ebooks/The-Prince.pdf",,,,,"English Story, Short Stories, Fiction",,,,,,,,,,"5-9",,,,,,,,,,,,,,,
"The Scarlet Pimpernel",,,,,343,,,"English",,823,,,,"Baroness Orczy","English Stories><Fiction",,,,,"http://www.planetebook.com/ebooks/The-Scarlet-Pimpernel.pdf",,,,,"English Story, Short Stories, Fiction",,,,,,,,,,"5-9",,,,,,,,,,,,,,,
"The Strange Case of Dr Jekyll and Mr Hyde",,,,,96,,,"English",,823,,,,"Robert Louis Stevenson","English Stories><Fiction",,,,,"http://www.planetebook.com/ebooks/The-Strange-Case-of-Dr-Jekyll.pdf",,,,,"English Story, Short Stories, Fiction",,,,,,,,,,"5-9",,,,,,,,,,,,,,,
"The Tales of Mother Goose ",,,,,67,,,"English",,823,,,,"Charles Perrault","English Stories><Fiction",,,,,"http://www.planetebook.com/ebooks/The-Tales-of-Mother-Goose-by-Charles-Perrault.pdf",,,,,"English Story, Short Stories, Fiction",,,,,,,,,,"5-9",,,,,,,,,,,,,,,
"The Thirty Nine Steps ",,,,,146,,,"English",,823,,,,"John Buchan","English Stories><Fiction",,,,,"http://www.planetebook.com/ebooks/The-Thirty-Nine-Steps.pdf",,,,,"English Story, Short Stories, Fiction",,,,,,,,,,"5-9",,,,,,,,,,,,,,,
"The Three Musketeers",,,,,945,,,"English",,823,,,,"Alexandre Dumas","English Stories><Fiction",,,,,"http://www.planetebook.com/ebooks/The-Three-Musketeers.pdf",,,,,"English Story, Short Stories, Fiction",,,,,,,,,,"5-9",,,,,,,,,,,,,,,
"The Time Machine ",,,,,120,,,"English",,823,,,,"H. G. Wells","English Stories><Fiction",,,,,"http://www.planetebook.com/ebooks/The-Time-Machine.pdf",,,,,"English Story, Short Stories, Fiction",,,,,,,,,,"5-9",,,,,,,,,,,,,,,
"The Trial ",,,,,271,,,"English",,823,,,,"Franz Kafka","English Stories><Fiction",,,,,"http://www.planetebook.com/ebooks/The-Trial.pdf",,,,,"English Story, Short Stories, Fiction",,,,,,,,,,"5-9",,,,,,,,,,,,,,,
"Treasure Island",,,,,266,,,"English",,823,,,,"Robert Louis Stevenson","English Stories><Fiction",,,,,"http://www.planetebook.com/ebooks/Treasure-Island.pdf",,,,,"English Story, Short Stories, Fiction",,,,,,,,,,"5-9",,,,,,,,,,,,,,,
"Ulysses",,,,,1047,,,"English",,823,,,,"James Joyce","English Stories><Fiction",,,,,"http://www.planetebook.com/ebooks/Ulysses.pdf",,,,,"English Story, Short Stories, Fiction",,,,,,,,,,"5-9",,,,,,,,,,,,,,,
"Utopia ",,,,,148,,,"English",,823,,,,"Thomas More","English Stories><Fiction",,,,,"http://www.planetebook.com/ebooks/Utopia.pdf",,,,,"English Story, Short Stories, Fiction",,,,,,,,,,"5-9",,,,,,,,,,,,,,,
"Vanity Fair ",,,,,1100,,,"English",,823,,,,"William Makepeace Thackeray","English Stories><Fiction",,,,,"http://www.planetebook.com/ebooks/Vanity-Fair.pdf",,,,,"English Story, Short Stories, Fiction",,,,,,,,,,"5-9",,,,,,,,,,,,,,,
"Within A Budding Grove",,,,,783,,,"English",,823,,,,"Marcel Proust","English Stories><Fiction",,,,,"http://www.planetebook.com/ebooks/Within-a-Budding-Grove.pdf",,,,,"English Story, Short Stories, Fiction",,,,,,,,,,"5-9",,,,,,,,,,,,,,,
"Women In Love ",,,,,717,,,"English",,823,,,,"D. H. Lawrence","English Stories><Fiction",,,,,"http://www.planetebook.com/ebooks/Women-In-Love.pdf",,,,,"English Story, Short Stories, Fiction",,,,,,,,,,"5-9",,,,,,,,,,,,,,,
"Wuthering Heights",,,,,428,,,"English",,823,,,,"Emily Brontë","English Stories><Fiction",,,,,"http://www.planetebook.com/ebooks/Wuthering-Heights.pdf",,,,,"English Story, Short Stories, Fiction",,,,,,,,,,"5-9",,,,,,,,,,,,,,,
"Mathematics - part 1",,,,,,,,"English",,519,,,,"M. P. Keshari","Mathematics",,,,,"http://www.cbseguess.com/ebooks/x/maths/part1/",,,,,"Mathematics, Class X",,,,,,,,,,"10",,,,,,,,,,,,,,,
"Mathematics - part 2",,,,,,,,"English",,519,,,,"M. P. Keshari","Mathematics",,,,,"http://www.cbseguess.com/ebooks/x/maths/part2/",,,,,"Mathematics, Class X",,,,,,,,,,"10",,,,,,,,,,,,,,,
"Science - Term 1",,,,2012,,,,"English",,823,,,,"Kritika Bhola","Science",,,,,"http://www.cbseguess.com/papers/download_papers.php?paper_id=3667",,,,,"Sample Question Paper",,,,,,,,,,"9",,,,,,,,,,,,,,,
"Science - Term 1",,,,2012,,,,"English",,823,,,,"Sunil D Chauhan","Science",,,,,"http://www.cbseguess.com/papers/download_papers.php?paper_id=3626",,,,,"Sample Question Paper",,,,,,,,,,"9",,,,,,,,,,,,,,,
"Science - Term 1",,,,2012,,,,"English",,823,,,,"Anurag Tyagi","Science",,,,,"http://www.cbseguess.com/papers/download_papers.php?paper_id=3619",,,,,"Sample Question Paper",,,,,,,,,,"9",,,,,,,,,,,,,,,
"Mathematics - Term 1",,,,2012,,,,"English",,823,,,,"Sujeet Gaud","Mathematics",,,,,"http://www.cbseguess.com/papers/download_papers.php?paper_id=3668",,,,,"Sample Question Paper",,,,,,,,,,"9",,,,,,,,,,,,,,,
"Mathematics - Term 1",,,,2012,,,,"English",,823,,,,"Sujeet Gaud","Mathematics",,,,,"http://www.cbseguess.com/papers/download_papers.php?paper_id=3653",,,,,"Sample Question Paper",,,,,,,,,,"9",,,,,,,,,,,,,,,
"Mathematics - Term 1",,,,2012,,,,"English",,823,,,,"Manish Bhadoria","Mathematics",,,,,"http://www.cbseguess.com/papers/download_papers.php?paper_id=3650",,,,,"Sample Question Paper",,,,,,,,,,"9",,,,,,,,,,,,,,,
"Mathematics - Term 1",,,,2012,,,,"English",,823,,,,"Siddharth Gupta","Mathematics",,,,,"http://www.cbseguess.com/papers/download_papers.php?paper_id=3641",,,,,"Sample Question Paper",,,,,,,,,,"9",,,,,,,,,,,,,,,
"Mathematics - Term 1",,,,2012,,,,"English",,823,,,,"Sujeet Gaud","Mathematics",,,,,"http://www.cbseguess.com/papers/download_papers.php?paper_id=3639",,,,,"Sample Question Paper",,,,,,,,,,"9",,,,,,,,,,,,,,,
"English Sample Paper - IIst Term",,,,2011,,,,"English",,823,,,,"Vishal Chaudhary","English",,,,,"http://www.cbseguess.com/papers/download_papers.php?paper_id=3452",,,,,"Sample Question Paper",,,,,,,,,,"9",,,,,,,,,,,,,,,
"English Sample Paper - IIst Term",,,,2011,,,,"English",,823,,,,"Dolly Dhawan","English",,,,,"http://www.cbseguess.com/papers/download_papers.php?paper_id=3316",,,,,"Sample Question Paper",,,,,,,,,,"9",,,,,,,,,,,,,,,
"English Sample Paper - IIst Term",,,,2011,,,,"English",,823,,,,"Dolly Dhawan","English",,,,,"http://www.cbseguess.com/papers/download_papers.php?paper_id=3315",,,,,"Sample Question Paper",,,,,,,,,,"9",,,,,,,,,,,,,,,
"English Sample Paper - Ist Term",,,,2011,,,,"English",,823,,,,"Akhilesh","English",,,,,"http://www.cbseguess.com/papers/download_papers.php?paper_id=2998",,,,,"Sample Question Paper",,,,,,,,,,"9",,,,,,,,,,,,,,,
"Science Sample Paper - IInd Term",,,,2011,,,,"English",,823,,,,"Sanjeev","Science",,,,,"http://www.cbseguess.com/papers/download_papers.php?paper_id=3502",,,,,"Sample Question Paper",,,,,,,,,,"9",,,,,,,,,,,,,,,
"Science Sample Paper - IInd Term",,,,2011,,,,"English",,823,,,,"Neel","Science",,,,,"http://www.cbseguess.com/papers/download_papers.php?paper_id=3490",,,,,"Sample Question Paper",,,,,,,,,,"9",,,,,,,,,,,,,,,
"Science Sample Paper - IInd Term",,,,2011,,,,"English",,823,,,,"Nitin & Sachin Jain","Science",,,,,"http://www.cbseguess.com/papers/download_papers.php?paper_id=3465",,,,,"Sample Question Paper",,,,,,,,,,"9",,,,,,,,,,,,,,,
"Science Sample Paper - IInd Term",,,,2011,,,,"English",,823,,,,"Vishal Mishra","Science",,,,,"http://www.cbseguess.com/papers/download_papers.php?paper_id=3437",,,,,"Sample Question Paper",,,,,,,,,,"9",,,,,,,,,,,,,,,
"Science Sample Paper - IInd Term",,,,2011,,,,"English",,823,,,,"Pradeep Sahajwani","Science",,,,,"http://www.cbseguess.com/papers/download_papers.php?paper_id=3433",,,,,"Sample Question Paper",,,,,,,,,,"9",,,,,,,,,,,,,,,
"Science Sample Paper - IInd Term",,,,2011,,,,"English",,823,,,,"Anupama","Science",,,,,"http://www.cbseguess.com/papers/download_papers.php?paper_id=3423",,,,,"Sample Question Paper",,,,,,,,,,"9",,,,,,,,,,,,,,,
"Science Sample Paper - IInd Term",,,,2011,,,,"English",,823,,,,"Anupama","Science",,,,,"http://www.cbseguess.com/papers/download_papers.php?paper_id=3425",,,,,"Sample Question Paper",,,,,,,,,,"9",,,,,,,,,,,,,,,
"Biology Sample Paper",,,,2011,,,,"English",,823,,,,"Anupama","Biology",,,,,"http://www.cbseguess.com/papers/download_papers.php?paper_id=3329",,,,,"Sample Question Paper",,,,,,,,,,"9",,,,,,,,,,,,,,,
"Science Sample Paper - IInd Term",,,,2011,,,,"English",,823,,,,"Sanjeev","Science",,,,,"http://www.cbseguess.com/papers/download_papers.php?paper_id=3194",,,,,"Sample Question Paper",,,,,,,,,,"9",,,,,,,,,,,,,,,
"Science Sample Paper - IInd Term",,,,2011,,,,"English",,823,,,,"Shekhar Saini","Science",,,,,"http://www.cbseguess.com/papers/download_papers.php?paper_id=3192",,,,,"Sample Question Paper",,,,,,,,,,"9",,,,,,,,,,,,,,,
"Social Science Sample Paper - Ist Term",,,,2011,,,,"English",,823,,,,"Moumita ","Social Science",,,,,"http://www.cbseguess.com/papers/download_papers.php?paper_id=3002",,,,,"Sample Question Paper",,,,,,,,,,"9",,,,,,,,,,,,,,,
"Social Science Sample Paper - Ist Term",,,,2011,,,,"English",,823,,,,"Rohit","Social Science",,,,,"http://www.cbseguess.com/papers/download_papers.php?paper_id=2996",,,,,"Sample Question Paper",,,,,,,,,,"9",,,,,,,,,,,,,,,
"Sanskrit Sample Paper - Ist Term",,,,2011,,,,"Sanskrit",,823,,,,"Harekrushna Behera","Sanskrit",,,,,"http://www.cbseguess.com/papers/download_papers.php?paper_id=2965",,,,,"Sample Question Paper",,,,,,,,,,"9",,,,,,,,,,,,,,,
"Mathematics Sample Paper - IInd Term",,,,2011,,,,"English",,823,,,,"Ashutosh","Mathematics",,,,,"http://www.cbseguess.com/papers/download_papers.php?paper_id=3507",,,,,"Sample Question Paper",,,,,,,,,,"9",,,,,,,,,,,,,,,
"Mathematics Sample Paper - IInd Term",,,,2011,,,,"English",,823,,,,"Pradeep Sahajwani","Mathematics",,,,,"http://www.cbseguess.com/papers/download_papers.php?paper_id=3491",,,,,"Sample Question Paper",,,,,,,,,,"9",,,,,,,,,,,,,,,
"Mathematics Sample Paper - IInd Term",,,,2011,,,,"English",,823,,,,"Anupama","Mathematics",,,,,"http://www.cbseguess.com/papers/download_papers.php?paper_id=3421",,,,,"Sample Question Paper",,,,,,,,,,"9",,,,,,,,,,,,,,,
"Mathematics Sample Paper - IInd Term",,,,2011,,,,"English",,823,,,,"Ashwani Gupta","Mathematics",,,,,"http://www.cbseguess.com/papers/download_papers.php?paper_id=3346",,,,,"Sample Question Paper",,,,,,,,,,"9",,,,,,,,,,,,,,,
"Mathematics Sample Paper - IInd Term",,,,2011,,,,"English",,823,,,,"Sanjeev","Mathematics",,,,,"http://www.cbseguess.com/papers/download_papers.php?paper_id=3195",,,,,"Sample Question Paper",,,,,,,,,,"9",,,,,,,,,,,,,,,
"Mathematics Sample Paper",,,,2011,,,,"English",,823,,,,"M. Vats","Mathematics",,,,,"http://www.cbseguess.com/papers/download_papers.php?paper_id=3174",,,,,"Sample Question Paper",,,,,,,,,,"9",,,,,,,,,,,,,,,
"Mathematics Sample Paper - IInd Term",,,,2011,,,,"English",,823,,,,"M. Vats","Mathematics",,,,,"http://www.cbseguess.com/papers/download_papers.php?paper_id=3144",,,,,"Sample Question Paper",,,,,,,,,,"9",,,,,,,,,,,,,,,
"Mathematics Sample Paper",,,,2011,,,,"English",,823,,,,"Shiv Shankar Khator","Mathematics",,,,,"http://www.cbseguess.com/papers/download_papers.php?paper_id=3092",,,,,"Sample Question Paper",,,,,,,,,,"9",,,,,,,,,,,,,,,
"Mathematics Sample Paper - Ist Term",,,,2011,,,,"English",,823,,,,"Pradeep Sahajwani","Mathematics",,,,,"http://www.cbseguess.com/papers/download_papers.php?paper_id=3015",,,,,"Sample Question Paper",,,,,,,,,,"9",,,,,,,,,,,,,,,
"Mathematics Sample Paper - Ist Term",,,,2011,,,,"English",,823,,,,"Amit Kumar Jha","Mathematics",,,,,"http://www.cbseguess.com/papers/download_papers.php?paper_id=3008",,,,,"Sample Question Paper",,,,,,,,,,"9",,,,,,,,,,,,,,,
"Information Technology Sample Paper",,,,2010,,,,"English",,823,,,,"Jitender Singh","Information Technology",,,,,"http://www.cbseguess.com/papers/download_papers.php?paper_id=3031",,,,,"Sample Question Paper",,,,,,,,,,"9",,,,,,,,,,,,,,,
"Information Technology Sample Paper - Ist Term",,,,2010,,,,"English",,823,,,,"Jitender Singh","Information Technology",,,,,"http://www.cbseguess.com/papers/download_papers.php?paper_id=3013",,,,,"Sample Question Paper",,,,,,,,,,"9",,,,,,,,,,,,,,,
"Information Technology Sample Paper",,,,2010,,,,"English",,823,,,,"Jitender Singh","Information Technology",,,,,"http://www.cbseguess.com/papers/download_papers.php?paper_id=2995",,,,,"Sample Question Paper",,,,,,,,,,"9",,,,,,,,,,,,,,,
"English Sample Paper - Ist Term",,,,2011,,,,"English",,823,,,,"Amrita Khanna","English",,,,,"http://www.cbseguess.com/papers/download_papers.php?paper_id=3623",,,,,"Sample Question Paper",,,,,,,,,,"10",,,,,,,,,,,,,,,
"French Sample Paper - Ist Term",,,,2011,,,,"Franch",,823,,,,"Hema Gainneos","Franch",,,,,"http://www.cbseguess.com/papers/download_papers.php?paper_id=3595",,,,,"Sample Question Paper",,,,,,,,,,"10",,,,,,,,,,,,,,,
"Mathematics Sample Paper - Ist Term",,,,2011,,,,"English",,823,,,,"Vandana Bansal","Mathematics",,,,,"http://www.cbseguess.com/papers/download_papers.php?paper_id=3625",,,,,"Sample Question Paper",,,,,,,,,,"10",,,,,,,,,,,,,,,
"Mathematics Sample Paper - Ist Term",,,,2011,,,,"English",,823,,,,"Sujeet Gaud","Mathematics",,,,,"http://www.cbseguess.com/papers/download_papers.php?paper_id=3582",,,,,"Sample Question Paper",,,,,,,,,,"10",,,,,,,,,,,,,,,
"Chemistry Sample Paper - Ist Term",,,,2011,,,,"English",,823,,,,"Lalan Kumar","Science, Chemistry",,,,,"http://www.cbseguess.com/papers/download_papers.php?paper_id=3605",,,,,"Sample Question Paper",,,,,,,,,,"10",,,,,,,,,,,,,,,
"Physics Sample Paper - Ist Term",,,,2011,,,,"English",,823,,,,"Lalan Kumar","Science, Physics",,,,,"http://www.cbseguess.com/papers/download_papers.php?paper_id=3621",,,,,"Sample Question Paper",,,,,,,,,,"10",,,,,,,,,,,,,,,
"Science Sample Paper - Ist Term",,,,2011,,,,"English",,823,,,,"Manish Bhadoria ","Science",,,,,"http://www.cbseguess.com/papers/download_papers.php?paper_id=3645",,,,,"Sample Question Paper",,,,,,,,,,"10",,,,,,,,,,,,,,,
"1-2-3 Picture Book",,,"Platt & Munk",1939,,,,"English",,823,,,,,"Novel",,,,,"http://www.childrensbooksonline.org/1-2-3_Picture_Book/pages/01_1-2-3_Picture_Book.htm",,,,,"Story, Pre primery",,,,,,,,,,"0-3",,,,,,,,,,,,,,,
"ABC Bicycle Book",,,,1900,,,,"English",,823,,,,,"Novel",,,,,"http://www.childrensbooksonline.org/ABC_Bicycle_Book/index.htm",,,,,"Story, Pre primery",,,,,,,,,,"0-3",,,,,,,,,,,,,,,
"About Bunnies",,,"Algonquin Publishing Company",1924,,,,"English",,823,,,,"Gladys Nelson Muter","Novel",,,,,"http://www.childrensbooksonline.org/About_Bunnies/index.htm",,,,,"Story, Pre primery",,,,,,,,,,"0-3",,,,,,,,,,,,,,,
"Aladdin, or The Wonderful Lamp",,,"J. M. Dent & Co",1895,,,,"English",,823,,,,"Sidney H. Heath","Novel",,,,,"http://www.childrensbooksonline.org/Aladdin_or_The_Wonderful_Lamp/index.htm",,,,,"Story, Pre primery",,,,,,,,,,"0-3",,,,,,,,,,,,,,,
"Around the Week",,,"Algonquin Publishing Company",1931,,,,"English",,823,,,,"Ruby Hart","Novel",,,,,"http://www.childrensbooksonline.org/Around_The_Week/index.htm",,,,,"Story, Pre primery",,,,,,,,,,"0-3",,,,,,,,,,,,,,,
"Around the World in a Berry Wagon",,,,1909,,,,"English",,823,,,,"W. W. Denslow","Novel",,,,,"http://www.childrensbooksonline.org/Around_the_World/index.htm",,,,,"Story, Pre primery",,,,,,,,,,"0-3",,,,,,,,,,,,,,,
"Aunt Louisa's Wee Wee Stories",,,,1900,,,,"English",,823,,,,,"Novel",,,,,"http://www.childrensbooksonline.org/aunt_louisas_wee_wee_stories/index.htm",,,,,"Story, Pre primery",,,,,,,,,,"0-3",,,,,,,,,,,,,,,
"Away We Go",,,"American Book Company",1938,,,,"English",,823,,,,"Buckley, White","Novel",,,,,"http://www.childrensbooksonline.org/Away_We_Go/index.htm",,,,,"Story, Pre primery",,,,,,,,,,"0-3",,,,,,,,,,,,,,,
"Babyland",,,"D. Lothrop Company",1889,,,,"English",,823,,,,"Wide Awake","Novel",,,,,"http://www.childrensbooksonline.org/Babyland/index.htm",,,,,"Story, Pre primery",,,,,,,,,,"0-3",,,,,,,,,,,,,,,
"Baby's ABC Book",,,"Saalfield Pub. Company",,,,,"English",,823,,,,,"Novel",,,,,"http://www.childrensbooksonline.org/Babys_ABC_Cloth_Book/index.htm",,,,,"Story, Pre primery",,,,,,,,,,"0-3",,,,,,,,,,,,,,,
"Bambi",,,"Grosset & Dunlap",,,,,"English",,823,,,,"Felix Salten","Novel",,,,,"http://www.childrensbooksonline.org/Bambi/index.htm",,,,,"Story, Pre primery",,,,,,,,,,"0-3",,,,,,,,,,,,,,,
"The Bashful Earthquake",,,"Charles Scribner's Sons",,,,,"English",,823,,,,"Oliver Herford","Novel",,,,,"http://www.childrensbooksonline.org/Bashful_Earthquake/index.htm",,,,,"Story, Pre primery",,,,,,,,,,"0-3",,,,,,,,,,,,,,,
"The Bear Garden",,,"John Murray",,,,,"English",,823,,,,"Elizabeth Gorell","Novel",,,,,"http://www.childrensbooksonline.org/The_Bear_Garden/index.htm",,,,,"Story, Pre primery",,,,,,,,,,"0-3",,,,,,,,,,,,,,,
"The Bear Who Never Was Cross",,,"P. F. Volland & Co.",,,,,"English",,823,,,,"Charlotte B. Herr","Novel",,,,,"http://www.childrensbooksonline.org/Bear_Who_Never_Was_Cross/index.htm",,,,,"Story, Pre primery",,,,,,,,,,"0-3",,,,,,,,,,,,,,,
"Beautiful Book of Nursery Rhymes",,,,1900,,,,"English",,823,,,,"Frank Adams","Novel",,,,,"http://www.childrensbooksonline.org/Beautiful_Book/index.htm",,,,,"Story, Pre primery",,,,,,,,,,"0-3",,,,,,,,,,,,,,,
"Beauty and the Beast and Other Stories",,,"Henry Altemus Company",,,,,"English",,823,,,,,"Novel",,,,,"http://www.childrensbooksonline.org/Beauty_Beast_and_Other_Stories/index.htm",,,,,"Story, Pre primery",,,,,,,,,,"0-3",,,,,,,,,,,,,,,
"The Bee Who Would Not Work",,,"P. F. Volland Company",1913,,,,"English",,823,,,,"Charlotte B. Herr","Novel",,,,,"http://www.childrensbooksonline.org/bee_who_would_not_work/index.htm",,,,,"Story, Pre primery",,,,,,,,,,"0-3",,,,,,,,,,,,,,,
"Belle River Friends in Wings and Feathers",,,"Lyons and Carnahan",1928,,,,"English",,823,,,,"Bertha Clark","Novel",,,,,"http://www.childrensbooksonline.org/Belle_River_Wings_and_Feathers/index.htm",,,,,"Story, Pre primery",,,,,,,,,,"0-3",,,,,,,,,,,,,,,
"Beppo the Donkey",,,"Doubleday Doran & Company",1931,,,,"English",,823,,,,"Rhea Wells","Novel",,,,,"http://www.childrensbooksonline.org/Beppo_the_Donkey/index.htm",,,,,"Story, Pre primery",,,,,,,,,,"0-3",,,,,,,,,,,,,,,
"Betty, Bobby and Bubbles",,,"P. F. Volland Company",1921,,,,"English",,823,,,,"Edith Mitchell","Novel",,,,,"http://www.childrensbooksonline.org/betty_bobby_and_bubbles/index.htm",,,,,"Story, Pre primery",,,,,,,,,,"0-3",,,,,,,,,,,,,,,
"Betty June and Her Friends",,,"American Book Company",1929,,,,"English",,823,,,,"Lena B. Ellingwood","Novel",,,,,"http://www.childrensbooksonline.org/Betty_June_and_Her_Friends/index.htm",,,,,"Story, Pre primery",,,,,,,,,,"0-3",,,,,,,,,,,,,,,
"Billy Whiskers - the Autobiograhy of a Goat",,,"Saafield Pubishing Co",1903,,,,"English",,823,,,,"Frances Trego Montgomery","Novel",,,,,"http://www.childrensbooksonline.org/Billy_Whiskers/index.htm",,,,,"Story, Pre primery",,,,,,,,,,"0-3",,,,,,,,,,,,,,,
"Bird Children",,,"P. F. Volland & Company",1912,,,,"English",,823,,,,"Elizabeth Gordo","Novel",,,,,"http://www.childrensbooksonline.org/Bird_Children/index.htm",,,,,"Story, Pre primery",,,,,,,,,,"0-3",,,,,,,,,,,,,,,
"Bitty and the Bears",,,"John Murray",1942,53,,,"English",,823,,,,"Elizabeth Gorell","Novel",,,,,"http://www.childrensbooksonline.org/Bitty_and_the_Bears/index.htm",,,,,"Story, Pre primery",,,,,,,,,,"0-3",,,,,,,,,,,,,,,
"Black Beauty",,,"Henry Altemus Company",1897,128,,,"English",,823,,,,"Anna Sewell","Novel",,,,,"http://www.childrensbooksonline.org/Black_Beauty/index.htm",,,,,"Story, Pre primery",,,,,,,,,,"0-3",,,,,,,,,,,,,,,
"Blue Beard",,,"McLoughlin Bro's",,25,,,"English",,823,,,,,"Novel",,,,,"http://www.childrensbooksonline.org/Blue_Beard/index.htm",,,,,"Story, Pre primery",,,,,,,,,,"0-3",,,,,,,,,,,,,,,
"Bluebeard and Other Stories",,,"A. L. Burt Company",1905,66,,,"English",,823,,,,"J. Watson Davis","Novel",,,,,"http://www.childrensbooksonline.org/Bluebeard_and_Other_Stories/index.htm",,,,,"Story, Pre primery",,,,,,,,,,"0-3",,,,,,,,,,,,,,,
"Blue Nets and Red Sails",,,"Longmans, Green and Company",1936,23,,,"English",,823,,,,"Helen Bradley Preston","Novel",,,,,"http://www.childrensbooksonline.org/Blue_Nets_and_Red_Sails/index.htm",,,,,"Story, Pre primery",,,,,,,,,,"0-3",,,,,,,,,,,,,,,
"Illusion",,,,2011,,,,"English",,823,,,,"Sunil Doiphode","English Literature><Fiction",,,,,"http://www.englishnovels.net/2011/07/novel-illusion-complete-based-on-true.html",,,,,"English Literature, Novel, Fiction",,,,,,,,,,"9-12",,,,,,,,,,,,,,,
"Aghast - Horror Suspense Thriller Complete Novel",,,,,,,,"English",,823,,,,"Sunil Doiphode","English Literature><Fiction",,,,,"http://www.englishnovels.net/2008/07/aghast-horror-suspense-thriller.html",,,,,"English Literature, Novel, Fiction",,,,,,,,,,"9-12",,,,,,,,,,,,,,,
"Zero - English Suspense Thriller Complete Novel",,,,,,,,"English",,823,,,,"Sunil Doiphode","English Literature><Fiction",,,,,"http://www.englishnovels.net/2008/04/zero-english-suspense-thriller-complete.html",,,,,"English Literature, Novel, Fiction",,,,,,,,,,"9-12",,,,,,,,,,,,,,,
"Black Hole - Mystery Suspense Complete Novel",,,,,,,,"English",,823,,,,"Sunil Doiphode","English Literature><Fiction",,,,,"http://www.englishnovels.net/2008/11/black-hole-mystery-suspense-complete.html",,,,,"English Literature, Novel, Fiction",,,,,,,,,,"9-12",,,,,,,,,,,,,,,
"Elove – A Romantic Suspense Complete Novel",,,,,,,,"English",,823,,,,"Sunil Doiphode","English Literature><Fiction",,,,,"http://www.englishnovels.net/2009/07/elove-romantic-suspense-complete-novel.html",,,,,"English Literature, Novel, Fiction",,,,,,,,,,"9-12",,,,,,,,,,,,,,,
"Honey",,,,,,,,"English",,823,,,,"Sunil Doiphode","English Literature><Fiction",,,,,"http://www.englishnovels.net/2010/08/complete-novel-honey-story-of-feminine.html",,,,,"English Literature, Novel, Fiction",,,,,,,,,,"9-12",,,,,,,,,,,,,,,
1984,,,,1949,197,,,"English",,823,,,,"George Orwell","English Literature><Fiction",,,,,"http://www.planetebook.com/ebooks/1984-2.pdf",,,,,"English Literature, Novel, Fiction",,,,,,,,,,"9-12",,,,,,,,,,,,,,,
"A Christmas Carol",,,,1843,106,,,"English",,823,,,,"Charles Dickens","English Literature><Fiction",,,,,"http://www.planetebook.com/ebooks/A-Christmas-Carol.pdf",,,,,"English Literature, Novel, Fiction",,,,,,,,,,"9-12",,,,,,,,,,,,,,,
"A Portrait of the Artist as a Young Man ",,,,1917,317,,,"English",,823,,,,"James Joyce","English Literature><Fiction",,,,,"http://www.planetebook.com/ebooks/A-Portrait-of-the-Artist-as-a-Young-Man.pdf",,,,,"English Literature, Novel, Fiction",,,,,,,,,,"9-12",,,,,,,,,,,,,,,
"A Tale of Two Cities",,,,1849,536,,,"English",,823,,,,"Charles Dickens","English Literature><Fiction",,,,,"http://www.planetebook.com/ebooks/A-Tale-of-Two-Cities-2.pdf",,,,,"English Literature, Novel, Fiction",,,,,,,,,,"9-12",,,,,,,,,,,,,,,
"Aesop’s Fables",,,,,89,,,"English",,823,,,,"Aesop, Circa","English Literature><Fiction",,,,,"http://www.planetebook.com/ebooks/Aesop%27s-Fables.pdf",,,,,"English Literature, Novel, Fiction",,,,,,,,,,"9-12",,,,,,,,,,,,,,,
"Agnes Grey",,,,1847,253,,,"English",,823,,,,"Anne Brontë","English Literature><Fiction",,,,,"http://www.planetebook.com/ebooks/Agnes-Grey.pdf",,,,,"English Literature, Novel, Fiction",,,,,,,,,,"9-12",,,,,,,,,,,,,,,
"Alice's Adventures in Wonderland ",,,,1865,107,,,"English",,823,,,,"Lewis Caroll","English Literature><Fiction",,,,,"http://www.planetebook.com/ebooks/Alices-Adventures-in-Wonderland.pdf",,,,,"English Literature, Novel, Fiction",,,,,,,,,,"9-12",,,,,,,,,,,,,,,
"Andersen’s Fairy Tales",,,,1835,200,,,"English",,823,,,,"Hans Christian Andersen","English Literature><Fiction",,,,,"http://www.planetebook.com/ebooks/Andersens-Fairy-Tales.pdf",,,,,"English Literature, Novel, Fiction",,,,,,,,,,"9-12",,,,,,,,,,,,,,,
"Anne of Green Gables",,,,1908,391,,,"English",,823,,,,"Lucy Maud Montgomery","English Literature><Fiction",,,,,"http://www.planetebook.com/ebooks/Anne-of-Green-Gables.pdf",,,,,"English Literature, Novel, Fiction",,,,,,,,,,"9-12",,,,,,,,,,,,,,,
"Anna Karenina",,,,1865,712,,,"English",,823,,,,"Leo Tolstoy","English Literature><Fiction",,,,,"http://www.planetebook.com/ebooks/Anna-Karenina-2.pdf",,,,,"English Literature, Novel, Fiction",,,,,,,,,,"9-12",,,,,,,,,,,,,,,
"Around the World in 80 Days",,,,1873,279,,,"English",,823,,,,"Jules Verne","English Literature><Fiction",,,,,"http://www.planetebook.com/ebooks/Around-the-World-in-80-Days.pdf",,,,,"English Literature, Novel, Fiction",,,,,,,,,,"9-12",,,,,,,,,,,,,,,
"Beyond Good and Evil",,,,1886,250,,,"English",,823,,,,"Friedrich Nietzsche","English Literature><Fiction",,,,,"http://www.planetebook.com/ebooks/Beyond-Good-and-Evil.pdf",,,,,"English Literature, Novel, Fiction",,,,,,,,,,"9-12",,,,,,,,,,,,,,,
"Bleak House ",,,,1852,654,,,"English",,823,,,,"Charles Dickens","English Literature><Fiction",,,,,"http://www.planetebook.com/ebooks/Bleak-House-2.pdf",,,,,"English Literature, Novel, Fiction",,,,,,,,,,"9-12",,,,,,,,,,,,,,,
"Crime and Punishment",,,,1866,767,,,"English",,823,,,,"Fyodor Dostoevsky","English Literature><Fiction",,,,,"http://www.planetebook.com/ebooks/Crime-and-Punishment-2.pdf",,,,,"English Literature, Novel, Fiction",,,,,,,,,,"9-12",,,,,,,,,,,,,,,
"David Copperfield",,,,1850,654,,,"English",,823,,,,"Charles Dickens","English Literature><Fiction",,,,,"http://www.planetebook.com/ebooks/David-Copperfield-2.pdf",,,,,"English Literature, Novel, Fiction",,,,,,,,,,"9-12",,,,,,,,,,,,,,,
"Down and Out in Paris and London",,,,1933,254,,,"English",,823,,,,"George Orwell","English Literature><Fiction",,,,,"http://www.planetebook.com/ebooks/Down-and-Out-in-Paris-and-London.pdf",,,,,"English Literature, Novel, Fiction",,,,,,,,,,"9-12",,,,,,,,,,,,,,,
"Dracula",,,,,542,,,"English",,823,,,,"Bram Stoker","English Literature><Fiction",,,,,"http://www.planetebook.com/ebooks/Dracula-2.pdf",,,,,"English Literature, Novel, Fiction",,,,,,,,,,"9-12",,,,,,,,,,,,,,,
"Dubliners",,,,,257,,,"English",,823,,,,"James Joyce","English Literature><Fiction",,,,,"http://www.planetebook.com/ebooks/Dubliners.pdf",,,,,"English Literature, Novel, Fiction",,,,,,,,,,"9-12",,,,,,,,,,,,,,,
"Emma ",,,,,594,,,"English",,823,,,,"Jane Austen","English Literature><Fiction",,,,,"http://www.planetebook.com/ebooks/Emma.pdf",,,,,"English Literature, Novel, Fiction",,,,,,,,,,"9-12",,,,,,,,,,,,,,,
"Erewhon",,,,,308,,,"English",,823,,,,"Samuel Butler","English Literature><Fiction",,,,,"http://www.planetebook.com/ebooks/Erewhon.pdf",,,,,"English Literature, Novel, Fiction",,,,,,,,,,"9-12",,,,,,,,,,,,,,,
"For the Term of His Natural Life",,,,,723,,,"English",,823,,,,"Marcus Clarke","English Literature><Fiction",,,,,"http://www.planetebook.com/ebooks/For-the-Term-of-His-Natural-Life.pdf",,,,,"English Literature, Novel, Fiction",,,,,,,,,,"9-12",,,,,,,,,,,,,,,
"Frankenstein",,,,,277,,,"English",,823,,,,"Mary Shelley","English Literature><Fiction",,,,,"http://www.planetebook.com/ebooks/Frankenstein.pdf",,,,,"English Literature, Novel, Fiction",,,,,,,,,,"9-12",,,,,,,,,,,,,,,
"Great Expectations",,,,,685,,,"English",,823,,,,"Charles Dickens","English Literature><Fiction",,,,,"http://www.planetebook.com/ebooks/Great-Expectations.pdf",,,,,"English Literature, Novel, Fiction",,,,,,,,,,"9-12",,,,,,,,,,,,,,,
"Grimm's Fairy Tales",,,,,373,,,"English",,823,,,,"Brothers Grimm","English Literature><Fiction",,,,,"http://www.planetebook.com/ebooks/Grimms-Fairy-Tales-2.pdf",,,,,"English Literature, Novel, Fiction",,,,,,,,,,"9-12",,,,,,,,,,,,,,,
"Gulliver's Travels",,,,,383,,,"English",,823,,,,"Jonathan Swift","English Literature><Fiction",,,,,"http://www.planetebook.com/ebooks/Gulliver%27s-Travels.pdf",,,,,"English Literature, Novel, Fiction",,,,,,,,,,"9-12",,,,,,,,,,,,,,,
"Heart of Darkness",,,,,131,,,"English",,823,,,,"Joseph Conrad","English Literature><Fiction",,,,,"http://www.planetebook.com/ebooks/Heart-of-Darkness.pdf",,,,,"English Literature, Novel, Fiction",,,,,,,,,,"9-12",,,,,,,,,,,,,,,
"Jane Eyre",,,,,691,,,"English",,823,,,,"Charlotte Brontë","English Literature><Fiction",,,,,"http://www.planetebook.com/ebooks/Jane-Eyre.pdf",,,,,"English Literature, Novel, Fiction",,,,,,,,,,"9-12",,,,,,,,,,,,,,,
"Kidnapped",,,,,299,,,"English",,823,,,,"Robert Louis Stevenson","English Literature><Fiction",,,,,"http://www.planetebook.com/ebooks/Kidnapped.pdf",,,,,"English Literature, Novel, Fiction",,,,,,,,,,"9-12",,,,,,,,,,,,,,,
"Lady Chatterly’s Lover",,,,,447,,,"English",,823,,,,"D. H. Lawrence","English Literature><Fiction",,,,,"http://www.planetebook.com/ebooks/Lady-Chatterly%27s-Lover.pdf",,,,,"English Literature, Novel, Fiction",,,,,,,,,,"9-12",,,,,,,,,,,,,,,
"Les Miserables",,,,,1227,,,"English",,823,,,,"Victor Hugo","English Literature><Fiction",,,,,"http://www.planetebook.com/ebooks/Les-Miserables.pdf",,,,,"English Literature, Novel, Fiction",,,,,,,,,,"9-12",,,,,,,,,,,,,,,
"Little Women ",,,,,684,,,"English",,823,,,,"Louisa May Alcott","English Literature><Fiction",,,,,"http://www.planetebook.com/ebooks/Little-Women.pdf",,,,,"English Literature, Novel, Fiction",,,,,,,,,,"9-12",,,,,,,,,,,,,,,
"Madame Bovary",,,,,457,,,"English",,823,,,,"Gustave Flaubert","English Literature><Fiction",,,,,"http://www.planetebook.com/ebooks/Madame-Bovary.pdf",,,,,"English Literature, Novel, Fiction",,,,,,,,,,"9-12",,,,,,,,,,,,,,,
"Middlemarch",,,,,597,,,"English",,823,,,,"George Eliot","English Literature><Fiction",,,,,"http://www.planetebook.com/ebooks/Middlemarch-2.pdf",,,,,"English Literature, Novel, Fiction",,,,,,,,,,"9-12",,,,,,,,,,,,,,,
"Moby Dick",,,,,861,,,"English",,823,,,,"Herman Melville","English Literature><Fiction",,,,,"http://www.planetebook.com/ebooks/Moby-Dick.pdf",,,,,"English Literature, Novel, Fiction",,,,,,,,,,"9-12",,,,,,,,,,,,,,,
"Northanger Abbey",,,,,288,,,"English",,823,,,,"Jane Austen","English Literature><Fiction",,,,,"http://www.planetebook.com/ebooks/Northanger-Abbey.pdf",,,,,"English Literature, Novel, Fiction",,,,,,,,,,"9-12",,,,,,,,,,,,,,,
"Nostromo: A Tale of the Seaboard ",,,,,627,,,"English",,823,,,,"Joseph Conrad","English Literature><Fiction",,,,,"http://www.planetebook.com/ebooks/Nostromo-A-Tale-of-the-Seaboard.pdf",,,,,"English Literature, Novel, Fiction",,,,,,,,,,"9-12",,,,,,,,,,,,,,,
"Notes from the Underground",,,,,167,,,"English",,823,,,,"Fyodor Dostoevsky","English Literature><Fiction",,,,,"http://www.planetebook.com/ebooks/Notes-from-the-Underground.pdf",,,,,"English Literature, Novel, Fiction",,,,,,,,,,"9-12",,,,,,,,,,,,,,,
"Of Human Bondage",,,,,505,,,"English",,823,,,,"W. Somerset Maugham","English Literature><Fiction",,,,,"http://www.planetebook.com/ebooks/Of-Human-Bondage-2.pdf",,,,,"English Literature, Novel, Fiction",,,,,,,,,,"9-12",,,,,,,,,,,,,,,
"Oliver Twist",,,,,641,,,"English",,823,,,,"Charles Dickens","English Literature><Fiction",,,,,"http://www.planetebook.com/ebooks/Oliver-Twist.pdf",,,,,"English Literature, Novel, Fiction",,,,,,,,,,"9-12",,,,,,,,,,,,,,,
"Paradise Lost",,,,,375,,,"English",,823,,,,"John Milton","English Literature><Fiction",,,,,"http://www.planetebook.com/ebooks/Paradise-Lost.pdf",,,,,"English Literature, Novel, Fiction",,,,,,,,,,"9-12",,,,,,,,,,,,,,,
"Persuasion",,,,,304,,,"English",,823,,,,"Jane Austen","English Literature><Fiction",,,,,"http://www.planetebook.com/ebooks/Persuasion.pdf",,,,,"English Literature, Novel, Fiction",,,,,,,,,,"9-12",,,,,,,,,,,,,,,
"Pollyanna",,,,,243,,,"English",,823,,,,"Eleanor H. Porter","English Literature><Fiction",,,,,"http://www.planetebook.com/ebooks/Pollyanna.pdf",,,,,"English Literature, Novel, Fiction",,,,,,,,,,"9-12",,,,,,,,,,,,,,,
"Pride and Prejudice",,,,,479,,,"English",,823,,,,"Jane Austen","English Literature><Fiction",,,,,"http://www.planetebook.com/ebooks/Pride-and-Prejudice.pdf",,,,,"English Literature, Novel, Fiction",,,,,,,,,,"9-12",,,,,,,,,,,,,,,
"Robinson Crusoe",,,,,393,,,"English",,823,,,,"Daniel Defoe","English Literature><Fiction",,,,,"http://www.planetebook.com/ebooks/Robinson-Crusoe.pdf",,,,,"English Literature, Novel, Fiction",,,,,,,,,,"9-12",,,,,,,,,,,,,,,
"Sense and Sensibility",,,,,459,,,"English",,823,,,,"Jane Austen","English Literature><Fiction",,,,,"http://www.planetebook.com/ebooks/Sense-and-Sensibility.pdf",,,,,"English Literature, Novel, Fiction",,,,,,,,,,"9-12",,,,,,,,,,,,,,,
"Sons and Lovers",,,,,641,,,"English",,823,,,,"D. H. Lawrence","English Literature><Fiction",,,,,"http://www.planetebook.com/ebooks/Sons-and-Lovers.pdf",,,,,"English Literature, Novel, Fiction",,,,,,,,,,"9-12",,,,,,,,,,,,,,,
"Swanns Way",,,,,1280,,,"English",,823,,,,"Marcel Proust","English Literature><Fiction",,,,,"http://www.planetebook.com/ebooks/Swanns-Way.pdf",,,,,"English Literature, Novel, Fiction",,,,,,,,,,"9-12",,,,,,,,,,,,,,,
"Tarzan of the Apes ",,,,,342,,,"English",,823,,,,"Edgar Rice Burroughs","English Literature><Fiction",,,,,"http://www.planetebook.com/ebooks/Tarzan-of-the-Apes.pdf",,,,,"English Literature, Novel, Fiction",,,,,,,,,,"9-12",,,,,,,,,,,,,,,
"Tender is the Night",,,,,459,,,"English",,823,,,,"F. Scott Fitzgerald","English Literature><Fiction",,,,,"http://www.planetebook.com/ebooks/Tender-is-the-Night.pdf",,,,,"English Literature, Novel, Fiction",,,,,,,,,,"9-12",,,,,,,,,,,,,,,
"Tess of the d’Urbervilles ",,,,,584,,,"English",,823,,,,"Thomas Hardy","English Literature><Fiction",,,,," http://www.planetebook.com/ebooks/Tess-of-the-dUrbervilles.pdf",,,,,"English Literature, Novel, Fiction",,,,,,,,,,"9-12",,,,,,,,,,,,,,,
"The Adventures of Huckleberry Finn",,,,,397,,,"English",,823,,,,"Mark Twain","English Literature><Fiction",,,,,"http://www.planetebook.com/ebooks/The-Adventures-of-Huckleberry-Finn.pdf",,,,,"English Literature, Novel, Fiction",,,,,,,,,,"9-12",,,,,,,,,,,,,,,
"The Adventures of Tom Sawyer",,,,,285,,,"English",,823,,,,"Mark Twain","English Literature><Fiction",,,,,"http://www.planetebook.com/ebooks/The-Adventures-of-Tom-Sawyer.pdf",,,,,"English Literature, Novel, Fiction",,,,,,,,,,"9-12",,,,,,,,,,,,,,,
"The Brothers Karamazov",,,,,657,,,"English",,823,,,,"Fyodor Dostoevsky","English Literature><Fiction",,,,,"http://www.planetebook.com/ebooks/The-Brothers-Karamazov-2.pdf",,,,,"English Literature, Novel, Fiction",,,,,,,,,,"9-12",,,,,,,,,,,,,,,
"The Great Gatsby",,,,,193,,,"English",,823,,,,"F. Scott Fitzgerald","English Literature><Fiction",,,,,"http://www.planetebook.com/ebooks/The-Great-Gatsby.pdf",,,,,"English Literature, Novel, Fiction",,,,,,,,,,"9-12",,,,,,,,,,,,,,,
"The Hound of the Baskervilles",,,,,233,,,"English",,823,,,,"Sir Arthur Conan Doyle","English Literature><Fiction",,,,,"http://www.planetebook.com/ebooks/The-Hound-of-the-Baskervilles.pdf",,,,,"English Literature, Novel, Fiction",,,,,,,,,,"9-12",,,,,,,,,,,,,,,
"The Idiot",,,,,457,,,"English",,823,,,,"Fyodor Dostoevsky","English Literature><Fiction",,,,,"http://www.planetebook.com/ebooks/The-Idiot-2.pdf",,,,,"English Literature, Novel, Fiction",,,,,,,,,,"9-12",,,,,,,,,,,,,,,
"The Iliad",,,,,509,,,"English",,823,,,,"Homer, Circa","English Literature><Fiction",,,,,"http://www.planetebook.com/ebooks/The-Illiad.pdf",,,,,"English Literature, Novel, Fiction",,,,,,,,,,"9-12",,,,,,,,,,,,,,,
"The Island of Doctor Moreau",,,,,171,,,"English",,823,,,,"H. G. Wells","English Literature><Fiction",,,,,"http://www.planetebook.com/ebooks/The-Island-of-Doctor-Moreau.pdf",,,,,"English Literature, Novel, Fiction",,,,,,,,,,"9-12",,,,,,,,,,,,,,,
"The Jungle Book ",,,,,189,,,"English",,823,,,,"Rudyard Kipling","English Literature><Fiction",,,,,"http://www.planetebook.com/ebooks/The-Jungle-Book.pdf",,,,,"English Literature, Novel, Fiction",,,,,,,,,,"9-12",,,,,,,,,,,,,,,
"The Last of the Mohicans",,,,,559,,,"English",,823,,,,"James Fenimore Cooper","English Literature><Fiction",,,,,"http://www.planetebook.com/ebooks/The-Last-of-the-Mohicans.pdf",,,,,"English Literature, Novel, Fiction",,,,,,,,,,"9-12",,,,,,,,,,,,,,,
"The Legend of Sleepy Hollow",,,,,43,,,"English",,823,,,,"Washington Irving","English Literature><Fiction",,,,,"http://www.planetebook.com/ebooks/The-Legend-of-Sleepy-Hollow.pdf",,,,,"English Literature, Novel, Fiction",,,,,,,,,,"9-12",,,,,,,,,,,,,,,
"The Odyssey ",,,,,443,,,"English",,823,,,,"Homer, Circa","English Literature><Fiction",,,,,"http://www.planetebook.com/ebooks/The-Odyssey.pdf",,,,,"English Literature, Novel, Fiction",,,,,,,,,,"9-12",,,,,,,,,,,,,,,
"The Merry Adventures of Robin Hood",,,,,395,,,"English",,823,,,,"Howard Pyle","English Literature><Fiction",,,,,"http://www.planetebook.com/ebooks/The-Merry-Adventures-of-Robin-Hood.pdf",,,,,"English Literature, Novel, Fiction",,,,,,,,,,"9-12",,,,,,,,,,,,,,,
"The Metamorphosis ",,,,,77,,,"English",,823,,,,"Franz Kafka","English Literature><Fiction",,,,,"http://www.planetebook.com/ebooks/The-Metamorphosis.pdf",,,,,"English Literature, Novel, Fiction",,,,,,,,,,"9-12",,,,,,,,,,,,,,,
"The Picture of Dorian Gray ",,,,,198,,,"English",,823,,,,"Oscar Wilde","English Literature><Fiction",,,,,"http://www.planetebook.com/ebooks/The-Picture-of-Dorian-Gray.pdf",,,,,"English Literature, Novel, Fiction",,,,,,,,,,"9-12",,,,,,,,,,,,,,,
"The Portrait of a Lady ",,,,,837,,,"English",,823,,,,"Henry James","English Literature><Fiction",,,,,"http://www.planetebook.com/ebooks/The-Portrait-of-a-Lady.pdf",,,,,"English Literature, Novel, Fiction",,,,,,,,,,"9-12",,,,,,,,,,,,,,,
"The Prince ",,,,,194,,,"English",,823,,,,"Nicolo Machiavelli","English Literature><Fiction",,,,," http://www.planetebook.com/ebooks/The-Prince.pdf",,,,,"English Literature, Novel, Fiction",,,,,,,,,,"9-12",,,,,,,,,,,,,,,
"The Scarlet Pimpernel",,,,,343,,,"English",,823,,,,"Baroness Orczy","English Literature><Fiction",,,,,"http://www.planetebook.com/ebooks/The-Scarlet-Pimpernel.pdf",,,,,"English Literature, Novel, Fiction",,,,,,,,,,"9-12",,,,,,,,,,,,,,,
"The Strange Case of Dr Jekyll and Mr Hyde",,,,,96,,,"English",,823,,,,"Robert Louis Stevenson","English Literature><Fiction",,,,,"http://www.planetebook.com/ebooks/The-Strange-Case-of-Dr-Jekyll.pdf",,,,,"English Literature, Novel, Fiction",,,,,,,,,,"9-12",,,,,,,,,,,,,,,
"The Tales of Mother Goose ",,,,,67,,,"English",,823,,,,"Charles Perrault","English Literature><Fiction",,,,,"http://www.planetebook.com/ebooks/The-Tales-of-Mother-Goose-by-Charles-Perrault.pdf",,,,,"English Literature, Novel, Fiction",,,,,,,,,,"9-12",,,,,,,,,,,,,,,
"The Thirty Nine Steps ",,,,,146,,,"English",,823,,,,"John Buchan","English Literature><Fiction",,,,,"http://www.planetebook.com/ebooks/The-Thirty-Nine-Steps.pdf",,,,,"English Literature, Novel, Fiction",,,,,,,,,,"9-12",,,,,,,,,,,,,,,
"The Three Musketeers ",,,,,945,,,"English",,823,,,,"Alexandre Dumas","English Literature><Fiction",,,,,"http://www.planetebook.com/ebooks/The-Three-Musketeers.pdf",,,,,"English Literature, Novel, Fiction",,,,,,,,,,"9-12",,,,,,,,,,,,,,,
"The Time Machine ",,,,,120,,,"English",,823,,,,"H. G. Wells","English Literature><Fiction",,,,,"http://www.planetebook.com/ebooks/The-Time-Machine.pdf",,,,,"English Literature, Novel, Fiction",,,,,,,,,,"9-12",,,,,,,,,,,,,,,
"The Trial ",,,,,271,,,"English",,823,,,,"Franz Kafk","English Literature><Fiction",,,,,"http://www.planetebook.com/ebooks/The-Trial.pdf",,,,,"English Literature, Novel, Fiction",,,,,,,,,,"9-12",,,,,,,,,,,,,,,
"Treasure Island",,,,,266,,,"English",,823,,,,"Robert Louis Stevenso","English Literature><Fiction",,,,,"http://www.planetebook.com/ebooks/Treasure-Island.pdf",,,,,"English Literature, Novel, Fiction",,,,,,,,,,"9-12",,,,,,,,,,,,,,,
"Ulysses ",,,,,1047,,,"English",,823,,,,"James Joyce","English Literature><Fiction",,,,,"http://www.planetebook.com/ebooks/Ulysses.pdf",,,,,"English Literature, Novel, Fiction",,,,,,,,,,"9-12",,,,,,,,,,,,,,,
"Utopia ",,,,,148,,,"English",,823,,,,"Sir Thomas More","English Literature><Fiction",,,,,"http://www.planetebook.com/ebooks/Utopia.pdf",,,,,"English Literature, Novel, Fiction",,,,,,,,,,"9-12",,,,,,,,,,,,,,,
"Vanity Fair ",,,,,1100,,,"English",,823,,,,"William Makepeace Thackeray","English Literature><Fiction",,,,,"http://www.planetebook.com/ebooks/Vanity-Fair.pdf",,,,,"English Literature, Novel, Fiction",,,,,,,,,,"9-12",,,,,,,,,,,,,,,
"Within A Budding Grove ",,,,,783,,,"English",,823,,,,"Marcel Proust","English Literature><Fiction",,,,,"http://www.planetebook.com/ebooks/Within-a-Budding-Grove.pdf",,,,,"English Literature, Novel, Fiction",,,,,,,,,,"9-12",,,,,,,,,,,,,,,
"Women In Love ",,,,,717,,,"English",,823,,,,"D. H. Lawrenc","English Literature><Fiction",,,,,"http://www.planetebook.com/ebooks/Women-In-Love.pdf",,,,,"English Literature, Novel, Fiction",,,,,,,,,,"9-12",,,,,,,,,,,,,,,
"Wuthering Heights ",,,,,428,,,"English",,823,,,,"Emily Brontë","English Literature><Fiction",,,,,"http://www.planetebook.com/ebooks/Wuthering-Heights.pdf",,,,,"English Literature, Novel, Fiction",,,,,,,,,,"9-12",,,,,,,,,,,,,,,
"THE LION, THE WITCH AND THE WARDROBE",,,,,,,,"English",,823,,,,"C.S.LEWIS","English Literature><Fiction",,,,,"http://www.vb-tech.co.za/ebooks/the_lion_the_witch_and_the_wardrobe.htm",,,,,"English Literature, Novel, Fiction",,,,,,,,,,"9-12",,,,,,,,,,,,,,,
"THE MAGICIAN'S NEPHEW",,,,,,,,"English",,823,,,,"C.S.LEWIS","English Literature><Fiction",,,,,"http://www.vb-tech.co.za/ebooks/the_magicians_nephew.htm",,,,,"English Literature, Novel, Fiction",,,,,,,,,,"9-12",,,,,,,,,,,,,,,
"THE VOYAGE OF THE DAWN TREADER",,,,,,,,"English",,823,,,,"C.S.LEWIS","English Literature><Fiction",,,,,"http://www.vb-tech.co.za/ebooks/voyage_of_the_dawn%20treader.htm",,,,,"English Literature, Novel, Fiction",,,,,,,,,,"9-12",,,,,,,,,,,,,,,
"THE SILVER CHAIR",,,,,,,,"English",,823,,,,"C.S.LEWIS","English Literature><Fiction",,,,,"http://www.vb-tech.co.za/ebooks/the_silver_chair.htm",,,,,"English Literature, Novel, Fiction",,,,,,,,,,"9-12",,,,,,,,,,,,,,,
"THE LAST BATTLE",,,,,,,,"English",,823,,,,"C.S.LEWIS","English Literature><Fiction",,,,,"http://www.vb-tech.co.za/ebooks/the_last_battle.htm",,,,,"English Literature, Novel, Fiction",,,,,,,,,,"9-12",,,,,,,,,,,,,,,
"The Castle of Adventure",,,,,,,,"English",,823,,,,"Enid Blyton","English Literature><Fiction",,,,,"http://www.vb-tech.co.za/ebooks/the_castle_of_adventure.rtf",,,,,"English Literature, Novel, Fiction",,,,,,,,,,"9-12",,,,,,,,,,,,,,,
"The Circus of Adventure",,,,,,,,"English",,823,,,,"Enid Blyton","English Literature><Fiction",,,,,"http://www.vb-tech.co.za/ebooks/circus_of_adventure.rtf",,,,,"English Literature, Novel, Fiction",,,,,,,,,,"9-12",,,,,,,,,,,,,,,
"Thuvia, Maid of Mars",,,,,,,,"English",,823,,,,"Burroughs, E.R","English Literature><Fiction",,,,,"http://www.vb-tech.co.za/ebooks/thuvia_maid_of_mars.txt",,,,,"English Literature, Novel, Fiction",,,,,,,,,,"9-12",,,,,,,,,,,,,,,
"THE CHESSMEN OF MARS",,,,,,,,"English",,823,,,,"Burroughs, E.R","English Literature><Fiction",,,,,"http://www.vb-tech.co.za/ebooks/chess_men_of_mars.txt",,,,,"English Literature, Novel, Fiction",,,,,,,,,,"9-12",,,,,,,,,,,,,,,
"ALICE'S ADVENTURES IN WONDERLAND",,,,,,,,"English",,823,,,,"Lewis Carroll","English Literature><Fiction",,,,,"http://www.vb-tech.co.za/ebooks/alice_in_wonderland.txt",,,,,"English Literature, Novel, Fiction",,,,,,,,,,"9-12",,,,,,,,,,,,,,,
"Through the Looking Glass",,,,,,,,"English",,823,,,,"Lewis Carroll","English Literature><Fiction",,,,,"http://www.vb-tech.co.za/ebooks/through_the_looking_glass.txt",,,,,"English Literature, Novel, Fiction",,,,,,,,,,"9-12",,,,,,,,,,,,,,,
"A Christmas Carol",,,,,,,,"English",,823,,,,,"English Literature><Fiction",,,,,"http://www.planetpdf.com/planetpdf/pdfs/free_ebooks/A_Christmas_Carol_NT.pdf",,,,,"English Literature, Novel, Fiction",,,,,,,,,,"9-12",,,,,,,,,,,,,,,
"A Tale of Two Cities",,,,,,,,"English",,823,,,,"Charles Dickens","English Literature><Fiction",,,,,"http://www.planetpdf.com/planetpdf/pdfs/free_ebooks/A_Tale_of_Two_Cities_NT.pdf",,,,,"English Literature, Novel, Fiction",,,,,,,,,,"9-12",,,,,,,,,,,,,,,
"Aesop's Fables",,,,,,,,"English",,823,,,,,"English Literature><Fiction",,,,,"http://www.planetpdf.com/planetpdf/pdfs/free_ebooks/Aesops_Fables_NT.pdf",,,,,"English Literature, Novel, Fiction",,,,,,,,,,"9-12",,,,,,,,,,,,,,,
"Alice's Adventures in Wonderland",,,,,,,,"English",,823,,,,"Lewis Carroll","English Literature><Fiction",,,,,"http://www.planetpdf.com/planetpdf/pdfs/free_ebooks/Alices_Adventures_in_Wonderland_NT.pdf",,,,,"English Literature, Novel, Fiction",,,,,,,,,,"9-12",,,,,,,,,,,,,,,
"Andersen's Fairy Tales",,,,,,,,"English",,823,,,,"Hans Christian Andersen","English Literature><Fiction",,,,,"http://www.planetpdf.com/planetpdf/pdfs/free_ebooks/Andersens_Fairy_Tales_NT.pdf",,,,,"English Literature, Novel, Fiction",,,,,,,,,,"9-12",,,,,,,,,,,,,,,
"Anna Karenina ",,,,,,,,"English",,823,,,,"Leo Tolstoy","English Literature><Fiction",,,,,"http://www.planetpdf.com/planetpdf/pdfs/free_ebooks/Anna_Karenina_NT.pdf",,,,,"English Literature, Novel, Fiction",,,,,,,,,,"9-12",,,,,,,,,,,,,,,
"Around the World in 80 Days",,,,,,,,"English",,823,,,,"Jules Verne","English Literature><Fiction",,,,,"http://www.planetpdf.com/planetpdf/pdfs/free_ebooks/Around_the_World_in_80_Days_NT.pdf",,,,,"English Literature, Novel, Fiction",,,,,,,,,,"9-12",,,,,,,,,,,,,,,
"Beyond Good and Evil",,,,,,,,"English",,823,,,,,"English Literature><Fiction",,,,,"http://www.planetpdf.com/planetpdf/pdfs/free_ebooks/Beyond_Good_and_Evil_NT.pdf",,,,,"English Literature, Novel, Fiction",,,,,,,,,,"9-12",,,,,,,,,,,,,,,
"Crime and Punishment",,,,,,,,"English",,823,,,,,"English Literature><Fiction",,,,,"http://www.planetpdf.com/planetpdf/pdfs/free_ebooks/Crime_and_Punishment_NT.pdf",,,,,"English Literature, Novel, Fiction",,,,,,,,,,"9-12",,,,,,,,,,,,,,,
"Dracula",,,,,,,,"English",,823,,,,,"English Literature><Fiction",,,,,"http://www.planetpdf.com/planetpdf/pdfs/free_ebooks/Dracula_NT.pdf",,,,,"English Literature, Novel, Fiction",,,,,,,,,,"9-12",,,,,,,,,,,,,,,
"Emma",,,,,,,,"English",,823,,,,"Jane Austen ","English Literature><Fiction",,,,,"http://www.planetpdf.com/planetpdf/pdfs/free_ebooks/Emma_NT.pdf",,,,,"English Literature, Novel, Fiction",,,,,,,,,,"9-12",,,,,,,,,,,,,,,
"Erewhon",,,,,,,,"English",,823,,,,,"English Literature><Fiction",,,,,"http://www.planetpdf.com/planetpdf/pdfs/free_ebooks/Erewhon_NT.pdf",,,,,"English Literature, Novel, Fiction",,,,,,,,,,"9-12",,,,,,,,,,,,,,,
"For the Term of His Natural Life",,,,,,,,"English",,823,,,,,"English Literature><Fiction",,,,,"http://www.planetpdf.com/planetpdf/pdfs/free_ebooks/For_the_Term_of_His_Natural_Life_NT.pdf",,,,,"English Literature, Novel, Fiction",,,,,,,,,,"9-12",,,,,,,,,,,,,,,
"Frankenstein",,,,,,,,"English",,823,,,,,"English Literature><Fiction",,,,,"http://www.planetpdf.com/planetpdf/pdfs/free_ebooks/Frankenstein_NT.pdf",,,,,"English Literature, Novel, Fiction",,,,,,,,,,"9-12",,,,,,,,,,,,,,,
"Great Expectations",,,,,,,,"English",,823,,,,"Charles Dickens","English Literature><Fiction",,,,,"http://www.planetpdf.com/planetpdf/pdfs/free_ebooks/Great_Expectations_NT.pdf",,,,,"English Literature, Novel, Fiction",,,,,,,,,,"9-12",,,,,,,,,,,,,,,
"Grimm's Fairy Tales",,,,,,,,"English",,823,,,,,"English Literature><Fiction",,,,,"http://www.planetpdf.com/planetpdf/pdfs/free_ebooks/Grimms_Fairy_Tales_NT.pdf",,,,,"English Literature, Novel, Fiction",,,,,,,,,,"9-12",,,,,,,,,,,,,,,
"Heart of Darkness",,,,,,,,"English",,823,,,,,"English Literature><Fiction",,,,,"http://www.planetpdf.com/planetpdf/pdfs/free_ebooks/Heart_of_Darkness_NT.pdf",,,,,"English Literature, Novel, Fiction",,,,,,,,,,"9-12",,,,,,,,,,,,,,,
"Jane Eyre",,,,,,,,"English",,823,,,,,"English Literature><Fiction",,,,,"http://www.planetpdf.com/planetpdf/pdfs/free_ebooks/Jane_Eyre_NT.pdf",,,,,"English Literature, Novel, Fiction",,,,,,,,,,"9-12",,,,,,,,,,,,,,,
"Kidnapped",,,,,,,,"English",,823,,,,,"English Literature><Fiction",,,,,"http://www.planetpdf.com/planetpdf/pdfs/free_ebooks/Kidnapped_NT.pdf",,,,,"English Literature, Novel, Fiction",,,,,,,,,,"9-12",,,,,,,,,,,,,,,
"Little Women",,,,,,,,"English",,823,,,,,"English Literature><Fiction",,,,,"http://www.planetpdf.com/planetpdf/pdfs/free_ebooks/Little_Women_NT.pdf",,,,,"English Literature, Novel, Fiction",,,,,,,,,,"9-12",,,,,,,,,,,,,,,
"Madame Bovary",,,,,,,,"English",,823,,,,,"English Literature><Fiction",,,,,"http://www.planetpdf.com/planetpdf/pdfs/free_ebooks/Madame_Bovary_NT.pdf",,,,,"English Literature, Novel, Fiction",,,,,,,,,,"9-12",,,,,,,,,,,,,,,
"Middlemarch",,,,,,,,"English",,823,,,,,"English Literature><Fiction",,,,,"http://www.planetpdf.com/planetpdf/pdfs/free_ebooks/Middlemarch_NT.pdf",,,,,"English Literature, Novel, Fiction",,,,,,,,,,"9-12",,,,,,,,,,,,,,,
"Moby Dick",,,,,,,,"English",,823,,,,,"English Literature><Fiction",,,,,"http://www.planetpdf.com/planetpdf/pdfs/free_ebooks/Moby_Dick_NT.pdf",,,,,"English Literature, Novel, Fiction",,,,,,,,,,"9-12",,,,,,,,,,,,,,,
"Nostromo: A Tale of the Seaboard",,,,,,,,"English",,823,,,,,"English Literature><Fiction",,,,,"http://www.planetpdf.com/planetpdf/pdfs/free_ebooks/Nostromo_NT.pdf",,,,,"English Literature, Novel, Fiction",,,,,,,,,,"9-12",,,,,,,,,,,,,,,
"Of Human Bondage",,,,,,,,"English",,823,,,,,"English Literature><Fiction",,,,,"http://www.planetpdf.com/planetpdf/pdfs/free_ebooks/Of_Human_Bondage_NT.pdf",,,,,"English Literature, Novel, Fiction",,,,,,,,,,"9-12",,,,,,,,,,,,,,,
"Notes from the Underground",,,,,,,,"English",,823,,,,,"English Literature><Fiction",,,,,"http://www.planetpdf.com/planetpdf/pdfs/free_ebooks/Notes_from_the_Underground_NT.pdf",,,,,"English Literature, Novel, Fiction",,,,,,,,,,"9-12",,,,,,,,,,,,,,,
"Oliver Twist",,,,,,,,"English",,823,,,,,"English Literature><Fiction",,,,,"http://www.planetpdf.com/planetpdf/pdfs/free_ebooks/Oliver_Twist_NT.pdf",,,,,"English Literature, Novel, Fiction",,,,,,,,,,"9-12",,,,,,,,,,,,,,,
"Paradise Lost",,,,,,,,"English",,823,,,,,"English Literature><Fiction",,,,,"http://www.planetpdf.com/planetpdf/pdfs/free_ebooks/Paradise_Lost_NT.pdf",,,,,"English Literature, Novel, Fiction",,,,,,,,,,"9-12",,,,,,,,,,,,,,,
"Pollyanna",,,,,,,,"English",,823,,,,,"English Literature><Fiction",,,,,"http://www.planetpdf.com/planetpdf/pdfs/free_ebooks/Pollyanna_NT.pdf",,,,,"English Literature, Novel, Fiction",,,,,,,,,,"9-12",,,,,,,,,,,,,,,
"Pride and Prejudice",,,,,,,,"English",,823,,,,,"English Literature><Fiction",,,,,"http://www.planetpdf.com/planetpdf/pdfs/free_ebooks/Pride_and_Prejudice_NT.pdf",,,,,"English Literature, Novel, Fiction",,,,,,,,,,"9-12",,,,,,,,,,,,,,,
"Robinson Crusoe",,,,,,,,"English",,823,,,,,"English Literature><Fiction",,,,,"http://www.planetpdf.com/planetpdf/pdfs/free_ebooks/Robinson_Crusoe_BT.pdf",,,,,"English Literature, Novel, Fiction",,,,,,,,,,"9-12",,,,,,,,,,,,,,,
"Sense and Sensibility",,,,,,,,"English",,823,,,,,"English Literature><Fiction",,,,,"http://www.planetpdf.com/planetpdf/pdfs/free_ebooks/Sense_and_Sensibility_NT.pdf",,,,,"English Literature, Novel, Fiction",,,,,,,,,,"9-12",,,,,,,,,,,,,,,
"Sons and Lovers",,,,,,,,"English",,823,,,,,"English Literature><Fiction",,,,,"http://www.planetpdf.com/planetpdf/pdfs/free_ebooks/Sons_and_Lovers_NT.pdf",,,,,"English Literature, Novel, Fiction",,,,,,,,,,"9-12",,,,,,,,,,,,,,,
"The Adventures of Huckleberry Finn",,,,,,,,"English",,823,,,,,"English Literature><Fiction",,,,,"http://www.planetpdf.com/planetpdf/pdfs/free_ebooks/The_Adventures_of_Huckleberry_Finn_NT.pdf",,,,,"English Literature, Novel, Fiction",,,,,,,,,,"9-12",,,,,,,,,,,,,,,
"The Adventures of Tom Sawyer",,,,,,,,"English",,823,,,,,"English Literature><Fiction",,,,,"http://www.planetpdf.com/planetpdf/pdfs/free_ebooks/The_Adventures_of_Tom_Sawyer_NT.pdf",,,,,"English Literature, Novel, Fiction",,,,,,,,,,"9-12",,,,,,,,,,,,,,,
"The Brothers Karamazov",,,,,,,,"English",,823,,,,,"English Literature><Fiction",,,,,"http://www.planetpdf.com/planetpdf/pdfs/free_ebooks/The_Brothers_Karamazov_NT.pdf",,,,,"English Literature, Novel, Fiction",,,,,,,,,,"9-12",,,,,,,,,,,,,,,
"The Hound of the Baskervilles",,,,,,,,"English",,823,,,,,"English Literature><Fiction",,,,,"http://www.planetpdf.com/planetpdf/pdfs/free_ebooks/The_Hound_of_the_Baskervilles_NT.pdf",,,,,"English Literature, Novel, Fiction",,,,,,,,,,"9-12",,,,,,,,,,,,,,,
"The Idiot",,,,,,,,"English",,823,,,,,"English Literature><Fiction",,,,,"http://www.planetpdf.com/planetpdf/pdfs/free_ebooks/The_Idiot_NT.pdf",,,,,"English Literature, Novel, Fiction",,,,,,,,,,"9-12",,,,,,,,,,,,,,,
"The Iliad",,,,,,,,"English",,823,,,,,"English Literature><Fiction",,,,,"http://www.planetpdf.com/planetpdf/pdfs/free_ebooks/The_Iliad_NT.pdf",,,,,"English Literature, Novel, Fiction",,,,,,,,,,"9-12",,,,,,,,,,,,,,,
"The Island of Doctor Moreau",,,,,,,,"English",,823,,,,,"English Literature><Fiction",,,,,"http://www.planetpdf.com/planetpdf/pdfs/free_ebooks/The_Island_of_Doctor_Moreau_NT.pdf",,,,,"English Literature, Novel, Fiction",,,,,,,,,,"9-12",,,,,,,,,,,,,,,
"The Jungle Book",,,,,,,,"English",,823,,,,,"English Literature><Fiction",,,,,"http://www.planetpdf.com/planetpdf/pdfs/free_ebooks/The_Jungle_Book_NT.pdf",,,,,"English Literature, Novel, Fiction",,,,,,,,,,"9-12",,,,,,,,,,,,,,,
"The Last of the Mohicans",,,,,,,,"English",,823,,,,,"English Literature><Fiction",,,,,"http://www.planetpdf.com/planetpdf/pdfs/free_ebooks/The_Last_of_the_Mohicans_NT.pdf",,,,,"English Literature, Novel, Fiction",,,,,,,,,,"9-12",,,,,,,,,,,,,,,
"The Legend of Sleepy Hollow",,,,,,,,"English",,823,,,,,"English Literature><Fiction",,,,,"http://www.planetpdf.com/planetpdf/pdfs/free_ebooks/The_Legend_of_Sleepy_Hollow_NT.pdf",,,,,"English Literature, Novel, Fiction",,,,,,,,,,"9-12",,,,,,,,,,,,,,,
"The Lost World",,,,,,,,"English",,823,,,,,"English Literature><Fiction",,,,,"http://www.planetpdf.com/planetpdf/pdfs/free_ebooks/The_Lost_World_NT.pdf",,,,,"English Literature, Novel, Fiction",,,,,,,,,,"9-12",,,,,,,,,,,,,,,
"The Merry Adventures of Robin Hood",,,,,,,,"English",,823,,,,,"English Literature><Fiction",,,,,"http://www.planetpdf.com/planetpdf/pdfs/free_ebooks/The_Merry_Adventures_of_Robin_Hood_NT.pdf",,,,,"English Literature, Novel, Fiction",,,,,,,,,,"9-12",,,,,,,,,,,,,,,
"The Metamorphosis",,,,,,,,"English",,823,,,,,"English Literature><Fiction",,,,,"http://www.planetpdf.com/planetpdf/pdfs/free_ebooks/The_Metamorphosis_NT.pdf",,,,,"English Literature, Novel, Fiction",,,,,,,,,,"9-12",,,,,,,,,,,,,,,
"The Odyssey",,,,,,,,"English",,823,,,,,"English Literature><Fiction",,,,,"http://www.planetpdf.com/planetpdf/pdfs/free_ebooks/The_Odyssey_NT.pdf",,,,,"English Literature, Novel, Fiction",,,,,,,,,,"9-12",,,,,,,,,,,,,,,
"The Picture of Dorian Gray",,,,,,,,"English",,823,,,,,"English Literature><Fiction",,,,,"http://www.planetpdf.com/planetpdf/pdfs/free_ebooks/The_Picture_of_Dorian_Gray_NT.pdf",,,,,"English Literature, Novel, Fiction",,,,,,,,,,"9-12",,,,,,,,,,,,,,,
