"STRUCTURAL ANALYSIS-I ","BOOK","THIRD",,"ATUL PRAKASHAN","2011-2012",,,,"ENGLISH","AHMEDABAD",,,,,"DR.R.P.RETHALIYA ","CIVIL",3115,"S.Y. TEXT BOOK (III)",30,275,,648
"ENGINEERING MATHEMATICS-III :DIFFERENTIAL EQUATIONS AND INTEGRAL TRANSFORMS","BOOK","SECOND",,"ATUL PRAKASHAN","2010-2011",,,,"ENGLISH","AHMEDABAD",,,,,"DR.SHAILESH S. PATEL &DR. NARENDRA B. DESAI","MATHEMATICS",3145,"S.Y. TEXT BOOK (III)",50,275,,731
"DIFFERENTIAL EQUATIONS  : (FROM ENGINEERING VIEWPOINT)","BOOK","SECOND","978-93-80867-02","BOOK INDIA PUBLICATIONS",2010,,,,"ENGLISH","AHMEDABAD",,,,,"Dr. R.C. SHAH ","MATHEMATICS",3195,"S.Y. TEXT BOOK (III)",100,350,"E-MAIL : bookind@gmail.com","X + 481 A-35 + C-3"
"CIRCUITS AND NETWORKS ","BOOK","FIFTH","978-93-80109-55-8","MAJAN PUBLISHING HOUSE","2010-11",,,,"ENGLISH","AHMEDABAD",,,,,"U .A.  PATEL","E.C.",3295,"S.Y. TEXT BOOK (III)",18,480,"email: mahajanbook.com &www.mahajanbook.com","XVI +1.53+2.111+3.61+4.62+5.45+6.58+7.60+8.30+9.81+10.158+11.194+12.152+71"
"CIRCUITS AND NETWORKS ","BOOK","FIFTH","978-93-80109-55-8","MAJAN PUBLISHING HOUSE","2010-11",,,,"ENGLISH","AHMEDABAD",,,,,"U .A.  PATEL","E.C.",3313,"S.Y. TEXT BOOK (III)",12,480,"email: mahajanbook.com &www.mahajanbook.com","XVI +1.53+2.111+3.61+4.62+5.45+6.58+7.60+8.30+9.81+10.158+11.194+12.152+71"
"FLUID MECHANICS","BOOK","FIRST","978-93-80109-51-0","MAJAN PUBLISHING HOUSE",2010,,,,"ENGLISH","AHMEDABAD",,,,,"DR.R.K. JAIN  & B.R. SHAH","CIVIL",3325,"S.Y. TEXT BOOK (III)",30,250,"email: mahajanbook.com &www.mahajanbook.com","1.20+2.29+3.42+4.48+5.75+6.93+7.62+8.49+9.41+A-5"
"SURVEYING ","BOOK","FIRST","978-93-80109-79-4","MAJAN PUBLISHING HOUSE",2010,,,,"ENGLISH","AHMEDABAD",,,,,"R.B. KHASIYA","CIVIL",3355,"S.Y. TEXT BOOK (III)",30,220,"email: mahajanbook.com &www.mahajanbook.com","X+1.26+2.110+3.34+4.96+5.80+6.34+7.18+A-5"
"MILLMAN'S INTEGRATED ELECTRONICS:ANALOG AND DIGITAL CIRCUITS AND SYSTEMS","BOOK","SECOND ","978-0-07-015142-0","TATA McGRAW-HILL PUB.",2010,,,,"ENGLISH","NEW DELHI",,,,,"JACOB MILLMAN & CHRISTOS HALKIAS & CHETAN D PARIKH","EC",3385,"S.Y.REFERANCE(III)",46,410,"WWW.TATAMCGAWHILL.C0M","XXIII+858"
"AN INTRODUCTION TO DATA STRUCTURES WITH APPLICATIONS","BOOK","SECOND ","978-0-07-462471-5","TATA McGRAW-HILL PUB.",2009,,,,"ENGLISH","NEW DELHI",,,,,"JEAN-PAUL TREMBLAY.& PAUL G.SORENSON","I.T.",3431,"S.Y.REFERANCE(III)",5,385,"WWW.TATAMCGAWHILL.C0M","XVIII+861"
"ANALYSIS & DESIGN OF INFORMATION SYSTEMS","BOOK","SECOND ","978-0-07-014090-5","TATA McGRAW-HILL PUB.","2009-10",,,,"ENGLISH","NEW DELHI",,,,,"JAMES A. SENN","I.T.",3436,"S.Y.REFERANCE(III)",5,495,"WWW.TATAMCGAWHILL.C0M","XVIII +853"
"SYSTEMS ANALYSIS, DESIGN AND INTRODUCTION TO  SOFTWARE ENGINEERING  (SADSE) :WITH ILLUSTRATIONS AND SOLVED CASE STUDIES","BOOK","TWELVE",,"MASTER ACADEMY",2010,,,,"ENGLISH","MAHARASTRA",,,,,"S.PARTHASARATHY&B.W.KHALKAR","I.T.",3441,"S.Y.REFERANCE(III)",5,300,"email:<masteracademy2004@yahoo.co.in>","III+432"
"DATA STRUCTURES THROUGH-C :A PRACTICAL APPROACH","BOOK","FOURTH",,"DHANPAT RAI & CO.","2009-10",,,,"ENGLISH","NEW DELHI",,,,,"G.S. BALUJA","I.T.",3446,"S.Y.REFERANCE(III)",5,250,,"VI + 651"
"BUILDING DRAWING : WITH AN INTEGRATED APPROACH TO  BUILT ENVIRONMENT","BOOK","FOURTH (18TH  REPRINT)","978-0-07-463876-7","TATA McGRAW-HILL PUB.",2011,,,,"ENGLISH","NEW DELHI",,,,,"M G SHAH & C M KALA& S Y PATKI","CIVIL",3451,"S.Y.REFERANCE(III)",30,510,"WWW.TATAMCGAWHILL.C0M","XX+404"
"A TEXT BOOK OF FLUID MECHANICS AND HYDRAULIC MACHINES (IN SI UNIT)","BOOK","FOURTH ","81-219-1666-6","S.CHAND .",2011,,,,"ENGLISH","NEW DELHI",,,,,"R. K. RAJPUT","MACHANICAL",3481,"S.Y.REFERANCE(III)",10,545,"www.schandgrop.com ","XXIX + 1373 +50+VI"
"A TEXT BOOK OF MACHINE DESIGN","BOOK",,"81-219-2537-1","S.CHAND .",2011,,,,"ENGLISH","NEW DELHI",,,,,"R.S. KHURMI & J .K. GUPTA","MACHANICAL",3491,"S.Y. TEXT BOOK (III)",26,675,"www.schandgrop.com ","XVI + 1230"
"CONCRETE TECHNOLOGY : (THEORY & PRACTICE)","BOOK",,"81-219-0003-4","S.CHAND .",2011,,,,"ENGLISH","NEW DELHI",,,,,"M.S. SHETTY","CIVIL",3517,"S.Y. TEXT BOOK (III)",30,425,"www.schandgrop.com ","XXXII + 624"
"BASIC ELECTRONICS (WITH CD)","BOOK+CD","THIRD","978-81-8492-163-2","TECH-MAX PUB.",2011,,,,"ENGLISH","PUNE(MAHARASHTRA)",,,,,"J.S. KATRE","E.C.",3547,"S.Y. TEXT BOOK (III)",30,265,"www.techmaxbooks.com","23+1.25+2.53+3.64+4.29+5.80+6.66+7.111+8.48+9.106+10.87+A-9"
"DIGITAL LOGIC AND COMPUTER DESIGN","BOOK",,"978-81-775-8409-7","PEARSON",1979,,,,"ENGLISH","NEW DELHI",,,,,"M.MORRIS MANO","E.C.",3577,"S.Y. TEXT BOOK (III)",90,350,"www.pearsoned.co.in","XII + 612"
"FUNDAMENTALS OF DIGITAL CIRCUITS","BOOK","SECOND","978-81-203-3679-7","         PHI  LEARNING (P.LTD )",2009,,,,"ENGLISH","NEW DELHI",,,,,"A.ANANDKUMAR","E.C.",3667,"S.Y. TEXT BOOK (III)",15,375,"www.phindia.com","XXV + 918"
"OP-AMPS AND LINEAR INTEGRATED CIRCUITS","BOOK","FOUR","978-81-203-2058-1","         PHI  LEARNING (P.LTD )",2011,,,,"ENGLISH","NEW DELHI",,,,,"RAMAKANT A.GAYAKWAD","E.C.",3682,"S.Y. TEXT BOOK (III)",28,250,"www.phindia.com","XV + 543"
"SQL,PL / SQL :THE PROGRAMMING LANGUAGE OF ORACLE","BOOK","FORTH  REVISED ED.","81-7656-964-X","BPB PUBLICATION",2011,,,,"ENGLISH","NEW DELHI",,,,,"IVAN  BAYROSS","I.T.",3710,"S.Y. TEXT BOOK (III)",23,360,"www.bpbonline.com","XII + 470"
"A TEXT BOOK OF FLUID MECHANICS AND HYDRAULIC MACHINES ( S.I. UNITS)","BOOK","NINTH  REVISED ED.","978-81-3180815-3","LAXMI PUB.(P. LTD)",2010,,,,"ENGLISH","NEW DELHI",,,,,"DR.R.K.BANSAL","MECHANICAL",3733,"S.Y. TEXT BOOK (III)",40,495,"www.laxmipublications.com","XXVI + 1102"
"SURVEYING-VOLUME-I","BOOK","SIXTEENTH","81-70008-853-4","LAXMI PUB.(P. LTD)",2009,,,,"ENGLISH","NEW DELHI",,,,,"DR.B.C.PUNMIA & ASHOK K. JAIN & ARUN K. JAIN","CIVIL",3773,"S.Y. TEXT BOOK (III)",5,300,"www.laxmipublications.com","XVI + 536 +53"
"SURVEYING-VOLUME-II","BOOK","FIFTEENTH","81-7008-883-6","LAXMI PUB.(P. LTD)",2011,,,,"ENGLISH","NEW DELHI",,,,,"DR.B.C.PUNMIA & ASHOK K. JAIN & ARUN K. JAIN","CIVIL",3778,"S.Y. TEXT BOOK (III)",5,335,"www.laxmipublications.com","X+658+12"
"SURVEYING-VOLUME-III : HIGHER SURVEYING","BOOK","FIFTEENTH","81-7008-825-9","LAXMI PUB.(P. LTD)",2011,,,,"ENGLISH","NEW DELHI",,,,,"DR.B.C.PUNMIA & ASHOK K. JAIN & ARUN K. JAIN","CIVIL",3783,"S.Y. TEXT BOOK (III)",5,150,"www.laxmipublications.com","IX+274"
"SURVEYING-VOLUME-I (IN SI UNITS)","BOOK","TWELVE","81-89401-23-8","STANDERD BOOK HOUSE;RAJSONS PUB.(P.LTD)",2011,,,,"ENGLISH","NEW DELHI",,,,,"DR.K.R.ARORA","CIVIL",3788,"S.Y. TEXT BOOK (III)",5,240,"www.standerdbookhouse.com","XIV+681"
"SURVEYING-VOLUME-II (IN SI UNITS)","BOOK","ELEVENTH","81-89401-24-5","STANDERD BOOK HOUSE;RAJSONS PUB.(P.LTD)",2011,,,,"ENGLISH","NEW DELHI",,,,,"DR.K.R.ARORA","CIVIL",3793,"S.Y. TEXT BOOK (III)",5,240,"www.standerdbookhouse.com","XIII+681"
"SURVEYING-VOLUME-III (IN SI UNITS)","BOOK","NINTH","81-89401-27-6","STANDERD BOOK HOUSE;RAJSONS PUB.(P.LTD)",2011,,,,"ENGLISH","NEW DELHI",,,,,"DR.K.R.ARORA","CIVIL",3798,"S.Y. TEXT BOOK (III)",5,120,"www.standerdbookhouse.com","XI+482"
"ELEMENTS OF WORKSHOP TECHNOLOGY VOLUME-II : MACHINETOOLS","BOOK","THIRTEENTH ","81-85099-15-4","MEDIA PROMAOTERS PUB.",2011,,,,"ENGLISH","MUMBAI",,,,,"S.K.HAJRA CHOUDHURY&S.K.BOSE&A.K.HAJRA CHOUDHURY&NIRJHAR ROY ","MECHANICAL",3803,"S.Y. TEXT BOOK (III)",27,240,,"XVI+712+A-4+I-11"
"DATABASE SYSTEM CONCEPTS","BOOK","SIXTH","978-007-132522-6","TATA McGRAW-HILL PUB.",2011,,,,"ENGLISH","NEW YORK",,,,,"ABRAHAM SILBERSCHATZ&HENRY F. KORTH.&S.SUDARSHAN","I.T.",3830,"S.Y. TEXT BOOK (III)",27,615,"WWW.TATAMCGAWHILL.C0M","XXVI+1349"
"PROGRAMMING AND DATA STRUCTURES","BOOK","SECOND IMPRESSION","978-81-317-2422-4","PEARSON",2009,,,,"ENGLISH","NEW DELHI",,,,,"ASHOK N. KAMTHANE","I.T.",3857,"S.Y.REFERANCE(III)",3,299,"www.pearsoned.co.in","XII+588"
"ENGINEERING GRAPHICS WITH AUTO CAD 2009","BOOK","EASTERN ECONOMY ED.","978-81-203-3837-1","         PHI  LEARNING (P.LTD )",2009,,,,"ENGLISH","NEW DELHI",,,,,"JAMES D. BETHUNE","MECHANICAL",3860,"S.Y.REFERANCE(III)",26,625,"www.phindia.com","XII+737"
"STRENGTH OF MATERIALS","BOOK","SEVENTEENTH ","81-87433-54-X","DHANPAT RAI & CO.",2011,,,,"ENGLISH","NEW DELHI",,,,,"S.RAMAMRUTHAN & R. NARAYANAN","CIVIL",3886,"S.Y.REFERANCE(III)",2,570,"mail@dhanpatrai.in","VI+1279"
"TOWN PLANNING","BOOK","TWENTYFOURTH ED.","978-93-80358-22-2","CHAROTAR PUB.HOUSE P.LTD",2011,,,,"ENGLISH","ANAND",,,,,"S.C.RANWALA&K.S.RANGWALA","CIVIL",3888,"S.Y.REFERANCE(III)",30,85,"e-mail:charotar@cphbooks.com","XV+327"
"BUILDING CONSTRUCTION","BOOK","TWENTYNINETH ED.","978-93-80358-30-7","CHAROTAR PUB.HOUSE P.LTD",2010,,,,"ENGLISH","ANAND",,,,,"S.C.RANWALA&K.S.RANGWALA&P.S.RANGWALA","CIVIL",3918,"S.Y.REFERANCE(III)",10,210,"e-mail:charotar@cphbooks.com","XVI+752"
"MECHANICS OF STRUCTURES VOL.I :STRENGTH OF MATERIALS ","BOOK","TWENTYNINETH ED.","978-93-80358-29-1","CHAROTAR PUB.HOUSE P.LTD",2011,,,,"ENGLISH","ANAND",,,,,"DR.H.J.SHAH & S.B.JUNNARKAR","CIVIL",3928,"S.Y.REFERANCE(III)",10,300,"e-mail:charotar@cphbooks.com","XX+987+5"
"MACHINE DRAWING","BOOK","FOURTYFIFTH ED.","978-93-80358-11-6","CHAROTAR PUB.HOUSE P.LTD",2010,,,,"ENGLISH","ANAND",,,,,"N.D.BHATT & V.M. PANCHAL","MECHANICAL",3938,"S.Y.REFERANCE(III)",10,110,"e-mail:charotar@cphbooks.com","XVI+350"
"MECHANICS OF STRUCTURES VOL-II : THEORY AND ANALYSIS OF STRUCTURES","BOOK","TWENTYNINETH ED.","978-93-80358-16-1","CHAROTAR PUB.HOUSE P.LTD",2010,,,,"ENGLISH","ANAND",,,,," S.B.JUNNARKARDR & H.J.SHAH","CIVIL",3948,"S.Y.REFERANCE(III)",10,225,"e-mail:charotar@cphbooks.com","XVI+970"
"CALCULUS: MULTI-VARIABLE CALCULUS AND LINEAR ALGEBRA,WITH APPLICATIONS TO DIFFERENTIAL EQUATIONS AND PROBABILITY VOLUME-II ","BOOK","SECOND","978-81-265-1520-2","WILEY INDIA PVT. LTD ",2009,,,,"ENGLISH","NEW DELHI",,,,,"TOM M. APOSTOL","MATHEMATICS",3958,"S.Y.REFERANCE(III)",2,449,"www. Wileyindia.com","XXI+673"
"BASIC STRUCTURAL ANALYSIS ","BOOK","THIRD","978-0-07-070276-9","TATA McGRAW-HILL PUB.",2011,,,,"ENGLISH","NEW DELHI",,,,,"C.S.REDDY","CIVIL",3960,"S.Y.REFERANCE(III)",5,395,"WWW.TATAMCGAWHILL.C0M","XIX+841"
"MATERIALS AND METALLURGY(IN S.I. UNITS)","BOOK","SIXTH",,"KHANNA PUBLISHERS",2011,,,,"ENGLISH","NEW DELHI",,,,,"V.K.MANCHANDA&G.B.S. NARANG&G.R.NAGPAL","MECHANICAL",3965,"S.Y.REFERANCE(III)",30,135,"E-mail:khannapublishers@yahoo.in","XIII+466"
"PRODUCTION TECHNOLOgy:MANUFACTURING PROCESSES,TECHNOLOGY AND AUTOMATION","BOOK","SEVENTEENTH ",,"KHANNA PUBLISHERS",2011,,,,"ENGLISH","NEW DELHI",,,,,"R.K.JAIN","MECHANICAL",3995,"S.Y.REFERANCE(III)",27,450,"E-mail:khannapublishers@yahoo.in","XI+1090"
"ATEXTBOOK OF MATERIAL SCIENCE AND METALLURGY","BOOK",,"978-81-89928-31-5","DHANPAT RAI & CO.",2011,,,,"ENGLISH","NEW DELHI",,,,,"O.P.KHANNA","MECHANICAL",4022,"S.Y.REFERANCE(III)",10,315,"E-MAILishkapur@vsnl.com","XXXIII+1.2 TO 57.34+A.4"
"A TEXTBOOK OF ELECTRICALTECHNOLOGY (IN S.I.UNITS)VOLUME-II","BOOK",,"81-219-2437-5","S.CHAND ","2011-12",,,,"ENGLISH","NEW DELHI",,,,,"B.L.THERAJA & A.K. THERAJA","ELECTRICAL",4032,"S.Y.REFERANCE(III)",30,425,"www.schandgroup.com","865 TO 1568 +IV"
"ENGINEERING MECHANICS ","BOOK","NINTH","81-87433-51-5","DHANPAT RAI & CO.",2010,,,,"ENGLISH","NEW DELHI",,,,,"S.RAMAMRUTHAM & R.NARAYANAN","MECHANICAL",4062,"S.Y.REFERANCE(III)",3,340,"web site:www.dhanpatrai.in mail@dhanpatrai.in",891
"STRENGTH OF MATERIALS","BOOK","SEVENTEENTH ","81-87433-54-X","DHANPAT RAI & CO.",2011,,,,"ENGLISH","NEW DELHI",,,,,"S.RAMAMRUTHAN & R. NARAYANAN","CIVIL",4065,"S.Y.REFERANCE(III)",1,570,"mail@dhanpatrai.in","VI+1279"
"PARLAMENT STREET","BOOK",,"978-81-8440-542-2","NAVBHARAT SAHITYA MANDIR",2011,,,,"GUJARATI","AHMEDABAD",,,,,"DEVENDRA PATEL","POLITIC",4066,,1,250,"E-mail:info@navbharatonline.com   web:www.navbharatonline.com","8+196"
"MISTREEZ OF MODI :ANE RAJNITINA BIJA PATRO","BOOK",,"978-81-8440-543-9","NAVBHARAT SAHITYA MANDIR",2011,,,,"GUJARATI","AHMEDABAD",,,,,"DEVENDRA PATEL","POLITIC",4067,,1,250,"E-mail:info@navbharatonline.com   web:www.navbharatonline.com","8+186"
"HAMARE RASTIYA GEET","BOOK",,"978-81-216-1583-9","HIND POKET BOOKS",2011,,,,"HINDI","NEW DELHI",,,,,"TEJPALSINH DHAMA",,4068,,1,50,"www.hindpoketbooks.in",64
"JIVAN: EK KHEL","BOOK","32TH",,"KUSUM PRAKASHAN",2010,,,,"GUJARATI",,,,,,"KUNDNIKA KAPADIYA",,4069,,1,15,,31
"SEVA GRAM THI SODH GRAM","BOOK","FIFTH",,"MUMBAI SARVODAY MANDAL",2011,,,,"GUJARATI","MUMBAI",,,,,"DR.ABHAY BANG  /  ANUWAD:PRAKSSH C. SHAH",,4070,,1,15,"www.searchgadchiroli.org emailsearch@satyam.net.in",36
"DEL KARNEGINA VEVHARU SUTRO","BOOK","ELEVENTH",,,2010,,,,"GUJARATI",,,,,,,,4071,,1,15,,30
"ELEMENTS OF CIVIL ENGINEERING","BOOK","THIRD","978-93-80109-52-7","MAJAN PUB.HOUSE",2010,,,,"ENGLISH","AHMEDABAD",,,,,"PRO.R.B. KHASIYA & MS. RENA N. SHUKLA","CIVIL",4072,"F.Y. TEXT BOOK (I,II)",49,320,"www.mahajanbook.com","XV+1.29 TO 12.63+P-M-11"
"HIGHER ENGINEERING MATHEMATICS VOL-I","BOOK","ELEVENTH","978-93-80109-50-3","MAJAN PUB.HOUSE",2010,,,,"ENGLISH","AHMEDABAD",,,,,"DR.K.R. KACHOT","MATHEMATICS",4121,"F.Y. TEXT BOOK (I,II)",48,360,"www.mahajanbook.com","VIII+602"
"ELEMENTS OF MECHANICAL ENGINEERING (SCANNER) ","BOOK",,,"ATUL PRAKASHAN",2009,,,,"ENGLISH","AHMEDABAD",,,,,"ASHISH SONI (SCANNER)","MECHANICAL",4169,"F.Y. TEXT BOOK (I,II)",50,150,,"XII+457"
"BASICS  OF ENVIRONMENTAL STUDIES","BOOK","THIRD","978-93-80109-48-0","MAJAN PUB.HOUSE","2010-11",,,,"ENGLISH","AHMEDABAD",,,,,"B.R. SHAH & MS. SNEHAL POPLI"," ENVIRONMENTAL",4219,"F.Y. TEXT BOOK (I,II)",48,160,"www.mahajanbook.com","1.12 TO14.53 +11"
"TECHNICAL  COMMUNICATIONS   SKILLS","BOOK","SECOND ","978-93-80109-04-6","MAJAN PUB.HOUSE","2009-10",,,,"ENGLISH","AHMEDABAD",,,,,"SHREYA  M. THAKORE","COMMUNICATIONS   SKILLS",4267,"F.Y. TEXT BOOK (I,II)",48,120,"www.mahajanbook.com","X+14.53+A.13"
"ELEMENTS OF MECHANICS  OF   SOLIDS ","BOOK","THIRD","978-93-80109-64-0","MAJAN PUB.HOUSE",2010,,,,"ENGLISH","AHMEDABAD",,,,," M.   N.  PATEL  & P.V.PATEL & C.S.SANGHVI & J.S.THAKUR","CIVIL",4315,"F.Y. TEXT BOOK (I,II)",50,400,"www.mahajanbook.com","XIII+15.48 A-13"
"A COURSE IN ELECTRONIC MEASUREMENTS AND INSTRUMENTATION","BOOK","NINETEENTH REVISED ED.",,"DHANPAT RAI & CO.",2011,,,,"ENGLISH","NEW DELHI",,,,,"A.K. SAWHNEY & PUNEET SAWHNEY","ELECTRICAL",4365,"S.Y.REFERANCE(III)",10,475,"dhanpatrai@gmail.com","23+1319+xii"
"FUNDAMENTALS OF TOWN PLANNING","BOOK","SECOND REV. ED.(15TH REPRINT)",,"DHANPAT RAI  PUBLICATIONS (P)LTD",2009,,,,"ENGLISH","NEW DELHI",,,,,"G.K.HIRASKAR & K.G. HIRASKAR","CIVIL",4375,"S.Y.REFERANCE(III)",3,125,"E.mail : ishkapur@vsnl.com",147
"ELECTRICAL & ELECTRONICS MEASURING INSTRUMENTS","BOOK","SECOND REV. ED","978-81-8431-978-0","TECHNICAL PUBLICATIONS",2011,,,,"ENGLISH","PUNE(MAHARASHTRA)",,,,,"U.A. SAKSHI & A.V. BAKSHI & K.A. BAKSHI","ELECTRICAL",4378,"S.Y. TEXT BOOK (I,II)",10,295,"technical@vtubooks.com    www.vtubooks.com","1.11+2.37+3.90+4.37+5.48+6.27+7.46+8.41+9.30+S-16"
