Different Fishes,,,,,,Different Fishes,,,,,,,,,Mathematics,,,,,http://www.oceanlight.com/fish.html,,,,,"Different Fishes, Mathematics , Measurement,  Unit-08  Measurement, Unit-08, Maths, Class 5, Class-5,"
National Geography animals/fishes,,,,,,National Geography animals/fishes,,,,,,,,,Mathematics,,,,,http://animals.nationalgeographic.com/animals/fish/bluefin-tuna/,,,,,"National Geography animals/fishes, Mathematics , Measurement, Measurement, Unit-08  Measurement, Unit-08, Maths, Class 5, Class-5,"
Different Whale information,,,,,,Different Whale information,,,,,,,,,Mathematics,,,,,http://www.enchantedlearning.com/subjects/whales/alphawhales.shtml,,,,,"Different Whale information, Mathematics , Measurement, Measurement, Unit-08  Measurement, Unit-08, Maths, Class 5, Class-5,"
Different boats,,,,,,Different boats,,,,,,,,,Mathematics,,,,,http://www.boatingsidekicks.com/kidsknow/typemain.htm,,,,,"Different boats, Mathematics , Measurement, Measurement, Unit-08  Measurement, Unit-08, Maths, Class 5, Class-5,"
Different boats,,,,,,Different boats,,,,,,,,,Mathematics,,,,,http://www.armoredpenguin.com/wordsearch/Data/best/misc/boats.01.html,,,,,"Different boats, Mathematics , Measurement, Measurement, Unit-08  Measurement, Unit-08, Maths, Class 5, Class-5,"
Large Numbers,,,,,,Large Numbers,,,,,,,,,Mathematics,,,,,http://www.mathematicsofevolution.com/ChaptersMath/Chapter_140__Understanding_Numbers__.html,,,,,"Large Numbers, Mathematics , Measurement, Measurement, Unit-08  Measurement, Unit-08, Maths, Class 5, Class-5,"
Large Numbers,,,,,,Large Numbers,,,,,,,,,Mathematics,,,,,http://www.bbc.co.uk/skillswise,,,,,"Large Numbers, Mathematics , Measurement, Measurement, Unit-08  Measurement, Unit-08, Maths, Class 5, Class-5,"
Super Sences,,,,,,Super Sences,,,,,,,,, EVS,,,,,http://www.emphasis-design.com/Images/senses.pdf ,,,,,"Super Sences, EVS, Unit 2- Our Main Needs, Unit 2, Unit-2, Our Main Needs, Environmental Studies, Class 5, Class-5"
Nuro Science,,,,,,Nuro Science,,,,,,,,, EVS,,,,, http://faculty.washington.edu/chudler/amaze.html  ,,,,,"Nuro Science, EVS, Unit 2- Our Main Needs, Unit 2, Unit-2, Our Main Needs, Environmental Studies, Class 5, Class-5"
Sence,,,,,,Sence,,,,,,,,, EVS,,,,,http://books.google.co.in/books?id=8fMXhDnggX8C&pg=PA28&lpg=PA28&dq=super+senses+of+animals&source=bl&ots=yOFiwoGupX&sig=w__gpryPsyb9nlsmmy_jWeslY3Q&hl=en&ei=9CR0TpWLEou0rAf-97HAAw&sa=X&oi=book_result&ct=result&resnum=1&ved=0CCsQ6AEwADgK#v=onepage&q=super%20senses%20of%20animals&f=false,,,,,"Sence, EVS, Unit 2- Our Main Needs, Unit 2, Unit-2, Our Main Needs, Environmental Studies, Class 5, Class-5"
Human Sences,,,,,,Human Sences,,,,,,,,, EVS,,,,, http://www.scientificpsychic.com/workbook/chapter2.htm ,,,,,"Human Sences, EVS, Unit 2- Our Main Needs, Unit 2, Unit-2, Our Main Needs, Environmental Studies, Class 5, Class-5"
Incredible human body,,,,,,Incredible human body,,,,,,,,, EVS,,,,,http://www.discoveryeducation.com/teachers/free-lesson-plans/the-incredible-human-body-the-five-senses.cfm,,,,,"Incredible human body, EVS, Unit 2- Our Main Needs, Unit 2, Unit-2, Our Main Needs, Environmental Studies, Class 5, Class-5"
Human Body,,,,,,Human Body,,,,,,,,, EVS,,,,,http://www.kidinfo.com/health/human_body.html,,,,,"Human Body, EVS, Unit 2- Our Main Needs, Unit 2, Unit-2, Our Main Needs, Environmental Studies, Class 5, Class-5"
Kedarnaath Agrawaal ,,,,,,Kedarnaath Agrawaal ,,,,,,,,,Hindi,,,,,http://en.wikipedia.org/wiki/Kedarnath_Agarwal,,,,,"Kedarnaath Agrawaal, Class - VI- Hindi Chapter 01, Class - VI- Hindi Chapter 01 Vah Chidiya Jo, Vah Chidiya Jo, Class-6, Class 6, Unit-1, Unit 1, "
Hindi Grammer,,,,,,Hindi Grammer,,,,,,,,,Hindi,,,,,http://www.hindilearner.com/hindi_basics/hindi_grammar.php,,,,,"Hindi Grammer, Class - VI- Hindi Chapter 01, Class - VI- Hindi Chapter 01 Vah Chidiya Jo, Vah Chidiya Jo, Class-6, Class 6, Unit-1, Unit 1, "
Hindi Grammer,,,,,,Hindi Grammer,,,,,,,,,Hindi,,,,,http://www.ispeakhindi.com/2009/10/05/adjectives-%E0%A4%B5%E0%A4%BF%E0%A4%B6%E0%A5%87%E0%A4%B7%E0%A4%A3-visheshan/,,,,,"Hindi Grammer, Class - VI- Hindi Chapter 01, Class - VI- Hindi Chapter 01 Vah Chidiya Jo, Vah Chidiya Jo, Class-6, Class 6, Unit-1, Unit 1, "
Hindi Grammer,,,,,,Hindi Grammer,,,,,,,,,Hindi,,,,,http://www.ispeakhindi.com/2009/10/08/adjectives-%E0%A4%B5%E0%A4%BF%E0%A4%B6%E0%A5%87%E0%A4%B7%E0%A4%A3-visheshan-part-2/,,,,,"Hindi Grammer, Class - VI- Hindi Chapter 01, Class - VI- Hindi Chapter 01 Vah Chidiya Jo, Vah Chidiya Jo, Class-6, Class 6, Unit-1, Unit 1, "
Modes of nutrition in plants ,,,,,,Modes of nutrition in plants ,,,,,,,,,Science,,,,,http://www.tutorvista.com/content/biology/biology-iv/plant-nutrition/plant-nutrition-modes.php,,,,,"Modes of nutrition in plants, Class - VII - Science Chapter 01 Nutrition in Plants, Class-7, Class 7, Science, Class-VII, Class VII, Class 7 Science, Unit-1 , Uint 1, Nutrition In Plants"
Modes of nutrition in plants ,,,,,,Modes of nutrition in plants ,,,,,,,,,Science,,,,,http://www.tutorvista.com/content/biology/biology-iv/photosynthesis/mode-nutrition.php,,,,,"Modes of nutrition in plants, Class - VII - Science Chapter 01 Nutrition in Plants, Class-7, Class 7, Science, Class-VII, Class VII, Class 7 Science, Unit-1 , Uint 1, Nutrition In Plants"
Plants Quiz,,,,,,Plants Quiz,,,,,,,,,Science,,,,,http://www.neok12.com/quiz/PLANTS03,,,,,"Plants Quiz, Class - VII - Science Chapter 01 Nutrition in Plants, Class-7, Class 7, Science, Class-VII, Class VII, Class 7 Science, Unit-1 , Uint 1, Nutrition In Plants"
Plants Video,,,,,,Plants Video,,,,,,,,,Science,,,,,http://www.neok12.com/Plants.htm,,,,,"Plants Video, Class - VII - Science Chapter 01 Nutrition in Plants, Class-7, Class 7, Science, Class-VII, Class VII, Class 7 Science, Unit-1 , Uint 1, Nutrition In Plants"
Replacement nutrition in plants,,,,,,Replacement nutrition in plants,,,,,,,,,Science,,,,,http://www.edewcate.com/Inner.aspx?FileName={C403D97A-B767-4548-B917-67FCAED63BCC}.flv,,,,,"Replacement nutrition in plants, Class - VII - Science Chapter 01 Nutrition in Plants, Class-7, Class 7, Science, Class-VII, Class VII, Class 7 Science, Unit-1 , Uint 1, Nutrition In Plants"
Saprotrophs,,,,,,Saprotrophs,,,,,,,,,Science,,,,,http://website.nbm-mnb.ca/mycologywebpages/NaturalHistoryOfFungi/Saprotrophs.html,,,,,"Saprotrophs, Class - VII - Science Chapter 01 Nutrition in Plants, Class-7, Class 7, Science, Class-VII, Class VII, Class 7 Science, Unit-1 , Uint 1, Nutrition In Plants"
Fungi on bread,,,,,,Fungi on bread,,,,,,,,,Science,,,,,http://en.wikipedia.org/wiki/Mold,,,,,"Fungi on bread, Class - VII - Science Chapter 01 Nutrition in Plants, Class-7, Class 7, Science, Class-VII, Class VII, Class 7 Science, Unit-1 , Uint 1, Nutrition In Plants"
Photosynthesis,,,,,,Photosynthesis,,,,,,,,,Science,,,,,http://www.buzzle.com/articles/photosynthesis-for-kids.html,,,,,"Photosynthesis, Class - VII - Science Chapter 01 Nutrition in Plants, Class-7, Class 7, Science, Class-VII, Class VII, Class 7 Science, Unit-1 , Uint 1, Nutrition In Plants"
Photosynthesis,,,,,,Photosynthesis,,,,,,,,,Science,,,,,http://www.kidskonnect.com/subject-index/15-science/108-photosynthesis.html,,,,,"Photosynthesis, Class - VII - Science Chapter 01 Nutrition in Plants, Class-7, Class 7, Science, Class-VII, Class VII, Class 7 Science, Unit-1 , Uint 1, Nutrition In Plants"
Photosynthesis,,,,,,Photosynthesis,,,,,,,,,Science,,,,,http://octopusmom.wordpress.com/2008/07/28/the-process-of-photosynthesis-for-kidslesson-plan/,,,,,"Photosynthesis, Class - VII - Science Chapter 01 Nutrition in Plants, Class-7, Class 7, Science, Class-VII, Class VII, Class 7 Science, Unit-1 , Uint 1, Nutrition In Plants"
Noun,,,,,,Noun,,,,,,,,,English,,,,,http://www.writingcentre.uottawa.ca/hypergrammar/nouns.html,,,,,"Noun, Chapter - 02 -The Adventures of Toto, The Adventure of Toto, Unit-2, Unit 2, Chapter-2, Chapter 2, noun, Noun, Unit-02- The Adventure of Toto"
Noun,,,,,,Noun,,,,,,,,,English,,,,,http://home-ed.info/grammar/nouns.html,,,,,"Noun, Chapter - 02 -The Adventures of Toto, The Adventure of Toto, Unit-2, Unit 2, Chapter-2, Chapter 2, noun, Noun, Unit-02- The Adventure of Toto"
Noun Quiz,,,,,,Noun Quiz,,,,,,,,,English,,,,,http://www.funtrivia.com/newflash/trivia.cfm?qid=158403,,,,,"Noun Quiz, Chapter - 02 -The Adventures of Toto, The Adventure of Toto, Unit-2, Unit 2, Chapter-2, Chapter 2, noun, Noun, Unit-02- The Adventure of Toto"
Article on Noun,,,,,,Article on Noun,,,,,,,,,English,,,,,http://encyclopedia.kids.net.au/page/no/Noun,,,,,"Article on Noun, Chapter - 02 -The Adventures of Toto, The Adventure of Toto, Unit-2, Unit 2, Chapter-2, Chapter 2, noun, Noun, Unit-02- The Adventure of Toto"
Games,,,,,,Games,,,,,,,,,English,,,,,http://www.eduplace.com/kids/hme/k_5/quizzes/,,,,,"Games, Chapter - 02 -The Adventures of Toto, The Adventure of Toto, Unit-2, Unit 2, Chapter-2, Chapter 2, noun, Noun, Unit-02- The Adventure of Toto"
Grammer Activity,,,,,,Grammer Activity,,,,,,,,,English,,,,,http://languagearts.pppst.com/nouns.html,,,,,"Grammer Activity, Chapter - 02 -The Adventures of Toto, The Adventure of Toto, Unit-2, Unit 2, Chapter-2, Chapter 2, noun, Noun, Unit-02- The Adventure of Toto"
