_neo4jInternalId,chapter_id,lessonId,lesson_title,standard_id,sub_institute_id,subject_id,teacher_id
374711,27,2,,39,1,3975,
374712,4657,3,,39,1,3975,
374713,4658,4,,39,1,3975,
374714,31,5,,39,1,3975,
374715,4659,6,,39,1,3975,
374716,33,7,,39,1,3975,
374717,4660,8,,39,1,3975,
374718,35,9,,39,1,3975,
374719,36,10,,39,1,3975,
374720,37,11,,39,1,3975,
374721,971,12,,39,1,3975,
374722,4664,13,,39,1,3975,
374723,4665,14,,39,1,3975,
374724,934,15,,42,1,3976,
374725,938,16,,42,1,3976,
374726,939,17,,42,1,3976,
374727,941,18,,42,1,3976,
374728,942,19,,42,1,3976,
374729,944,20,,42,1,3976,
374730,945,21,,42,1,3976,
374731,946,22,,42,1,3976,
374732,947,23,,42,1,3976,
374733,5475,28,,42,1,4472,
374734,5474,29,,42,1,4472,
374735,5473,30,,42,1,4472,
374736,5472,31,,42,1,4472,
374737,5462,48,,40,1,4470,
374738,5470,49,,40,1,4470,
374739,5469,50,,40,1,4470,
374740,5468,51,,40,1,4470,
374741,5467,52,,40,1,4470,
374742,5464,53,,40,1,4470,
374743,5466,54,,40,1,4470,
374744,5463,55,,40,1,4470,
374745,5465,56,,40,1,4470,
374746,5451,57,,40,1,4435,
374747,5449,58,,40,1,4435,
374748,5448,59,,40,1,4435,
374749,5447,60,,40,1,4435,
374750,5446,61,,40,1,4435,
374751,5445,62,,40,1,4435,
374752,5444,63,,40,1,4435,
374753,5443,64,,40,1,4435,
374754,5442,65,,40,1,4435,
374755,5450,66,,40,1,4435,
374756,4624,82,,40,1,3976,
374757,4625,83,,40,1,3976,
374758,649,84,,40,1,3976,
374759,4627,85,,40,1,3976,
374760,939,86,,40,1,3976,
374761,4629,87,,40,1,3976,
374762,137,88,,40,1,3976,
374763,4630,89,,40,1,3976,
374764,4631,90,,40,1,3976,
374765,140,91,,40,1,3976,
374766,4632,92,,40,1,3976,
374767,4633,93,,40,1,3976,
374768,4634,94,,40,1,3976,
374769,4635,95,,40,1,3976,
374770,145,96,,40,1,3976,
374771,146,97,,40,1,3978,
374772,147,98,,40,1,3978,
374773,148,99,,40,1,3978,
374774,149,100,,40,1,3978,
374775,150,101,,40,1,3978,
374776,151,102,,40,1,3978,
374777,152,103,,40,1,3978,
374778,153,104,,40,1,3978,
374779,154,105,,40,1,3978,
374780,155,106,,40,1,3978,
374781,3602,107,,40,1,3978,
374782,3603,108,,40,1,3978,
374783,3604,109,,40,1,3978,
374784,3605,110,,40,1,3978,
374785,3606,111,,40,1,3978,
374786,3607,112,,40,1,3978,
374787,3608,113,,40,1,3978,
374788,3609,114,,40,1,3978,
374789,3610,115,,40,1,3978,
374790,5453,116,,40,1,4469,
374791,5454,117,,40,1,4469,
374792,5455,118,,40,1,4469,
374793,5452,119,,40,1,4469,
374794,5457,120,,40,1,4469,
374795,5461,121,,40,1,4469,
374796,5456,122,,40,1,4469,
374797,5460,123,,40,1,4469,
374798,5459,124,,40,1,4469,
374799,5458,125,,40,1,4469,
374800,967,126,,40,1,4064,
374801,968,127,,40,1,4064,
374802,969,128,,40,1,4064,
374803,970,129,,40,1,4064,
374804,971,130,,40,1,4064,
374805,972,131,,40,1,4064,
374806,973,132,,40,1,4064,
374807,974,133,,40,1,4064,
374808,975,134,,40,1,4064,
374809,976,135,,40,1,4064,
374810,5653,136,,41,1,4435,
374811,5554,137,,41,1,4435,
374812,5553,138,,41,1,4435,
374813,5552,139,,41,1,4435,
374814,5549,140,,41,1,4435,
374815,5548,141,,41,1,4435,
374816,5547,142,,41,1,4435,
374817,5546,143,,41,1,4435,
374818,5551,144,,41,1,4435,
374819,5550,145,,41,1,4435,
374820,199,146,,41,1,3975,
374821,200,147,,41,1,3975,
374822,201,148,,41,1,3975,
374823,202,149,,41,1,3975,
374824,203,150,,41,1,3975,
374825,204,151,,41,1,3975,
374826,205,152,,41,1,3975,
374827,206,153,,41,1,3975,
374828,207,154,,41,1,3975,
374829,208,155,,41,1,3975,
374830,209,156,,41,1,3975,
374831,210,157,,41,1,3975,
374832,211,158,,41,1,3975,
374833,212,159,,41,1,3975,
374834,213,160,,41,1,3975,
374835,214,161,,41,1,3975,
374836,215,162,,41,1,3975,
374837,216,163,,41,1,3975,
374838,4631,164,,41,1,3976,
374839,4637,165,,41,1,3976,
374840,140,166,,41,1,3976,
374841,649,167,,41,1,3976,
374842,4641,168,,41,1,3976,
374843,4642,169,,41,1,3976,
374844,4630,170,,41,1,3976,
374845,4634,171,,41,1,3976,
374846,229,172,,41,1,3976,
374847,230,173,,41,1,3976,
374848,4980,174,,41,1,3976,
374849,232,175,,41,1,3976,
374850,5618,176,,39,1,4469,
374851,5617,177,,39,1,4469,
374852,5616,178,,39,1,4469,
374853,5615,179,,39,1,4469,
374854,5614,180,,39,1,4469,
374855,5613,181,,39,1,4469,
374856,5612,182,,39,1,4469,
374857,5611,183,,39,1,4469,
374858,5610,184,,39,1,4469,
374859,959,185,,39,1,4064,
374860,960,186,,39,1,4064,
374861,961,187,,39,1,4064,
374862,962,188,,39,1,4064,
374863,963,189,,39,1,4064,
374864,964,190,,39,1,4064,
374865,965,191,,39,1,4064,
374866,966,192,,39,1,4064,
374867,5630,193,,39,1,4470,
374868,5629,194,,39,1,4470,
374869,5628,195,,39,1,4470,
374870,5627,196,,39,1,4470,
374871,5626,197,,39,1,4470,
374872,5625,198,,39,1,4470,
374873,5624,199,,39,1,4470,
374874,5623,200,,39,1,4470,
374875,5622,201,,39,1,4470,
374876,5621,202,,39,1,4470,
374877,5620,203,,39,1,4470,
374878,5619,204,,39,1,4470,
374879,43,205,,39,1,3976,
374880,4646,206,,39,1,3976,
374881,232,207,,39,1,3976,
374882,46,208,,39,1,3976,
374883,47,209,,39,1,3976,
374884,4624,210,,39,1,3976,
374885,4650,211,,39,1,3976,
374886,4651,212,,39,1,3976,
374887,649,213,,39,1,3976,
374888,4644,214,,39,1,3976,
374889,53,215,,39,1,3976,
374890,54,216,,39,1,3976,
374891,4635,217,,39,1,3976,
374892,140,218,,39,1,3976,
374893,5451,229,,40,1,4435,
374894,5449,230,,40,1,4435,
374895,5448,231,,40,1,4435,
374896,5447,232,,40,1,4435,
374897,5446,233,,40,1,4435,
374898,5445,234,,40,1,4435,
374899,5444,235,,40,1,4435,
374900,5443,236,,40,1,4435,
374901,5442,237,,40,1,4435,
374902,5450,238,,40,1,4435,
374903,146,239,,40,1,3978,
374904,147,240,,40,1,3978,
374905,148,241,,40,1,3978,
374906,149,242,,40,1,3978,
374907,150,243,,40,1,3978,
374908,151,244,,40,1,3978,
374909,152,245,,40,1,3978,
374910,153,246,,40,1,3978,
374911,154,247,,40,1,3978,
374912,155,248,,40,1,3978,
374913,3602,249,,40,1,3978,
374914,3603,250,,40,1,3978,
374915,3604,251,,40,1,3978,
374916,3605,252,,40,1,3978,
374917,3606,253,,40,1,3978,
374918,3607,254,,40,1,3978,
374919,3608,255,,40,1,3978,
374920,3609,256,,40,1,3978,
374921,3610,257,,40,1,3978,
374922,649,258,,40,1,3976,
374923,4627,259,,40,1,3976,
374924,939,260,,40,1,3976,
374925,4630,261,,40,1,3976,
374926,4632,262,,40,1,3976,
374927,4633,263,,40,1,3976,
374928,4635,264,,40,1,3976,
374929,145,265,,40,1,3976,
374930,5454,266,,40,1,4469,
374931,5455,267,,40,1,4469,
374932,5452,268,,40,1,4469,
374933,5461,269,,40,1,4469,
374934,5456,270,,40,1,4469,
374935,5460,271,,40,1,4469,
374936,5458,272,,40,1,4469,
374937,4667,273,,40,1,3975,
374938,114,274,,40,1,3975,
374939,4657,275,,40,1,3975,
374940,4668,276,,40,1,3975,
374941,117,277,,40,1,3975,
374942,118,278,,40,1,3975,
374943,119,279,,40,1,3975,
374944,120,280,,40,1,3975,
374945,121,281,,40,1,3975,
374946,122,282,,40,1,3975,
374947,123,283,,40,1,3975,
374948,124,284,,40,1,3975,
374949,125,285,,40,1,3975,
374950,126,286,,40,1,3975,
374951,127,287,,40,1,3975,
374952,128,288,,40,1,3975,
374953,129,289,,40,1,3975,
374954,130,290,,40,1,3975,
374955,967,291,,40,1,4064,
374956,969,292,,40,1,4064,
374957,970,293,,40,1,4064,
374958,972,294,,40,1,4064,
374959,973,295,,40,1,4064,
374960,974,296,,40,1,4064,
374961,975,297,,40,1,4064,
374962,5462,298,,40,1,4470,
374963,5470,299,,40,1,4470,
374964,5469,300,,40,1,4470,
374965,5468,301,,40,1,4470,
374966,5467,302,,40,1,4470,
374967,5464,303,,40,1,4470,
374968,5466,304,,40,1,4470,
374969,5463,305,,40,1,4470,
374970,5465,306,,40,1,4470,
374971,266,307,,41,1,3978,
374972,267,308,,41,1,3978,
374973,268,309,,41,1,3978,
374974,269,310,,41,1,3978,
374975,270,311,,41,1,3978,
374976,271,312,,41,1,3978,
374977,272,313,,41,1,3978,
374978,273,314,,41,1,3978,
374979,274,315,,41,1,3978,
374980,275,316,,41,1,3978,
374981,3611,317,,41,1,3978,
374982,3612,318,,41,1,3978,
374983,3613,319,,41,1,3978,
374984,3614,320,,41,1,3978,
374985,3615,321,,41,1,3978,
374986,3616,322,,41,1,3978,
374987,3617,323,,41,1,3978,
374988,3618,324,,41,1,3978,
374989,5653,325,,41,1,4435,
374990,5554,326,,41,1,4435,
374991,5553,327,,41,1,4435,
374992,5552,328,,41,1,4435,
374993,5549,329,,41,1,4435,
374994,5548,330,,41,1,4435,
374995,5547,331,,41,1,4435,
374996,5546,332,,41,1,4435,
374997,5551,333,,41,1,4435,
374998,5550,334,,41,1,4435,
374999,4631,335,,41,1,3976,
375000,4637,336,,41,1,3976,
375001,140,337,,41,1,3976,
375002,649,338,,41,1,3976,
375003,4641,339,,41,1,3976,
375004,4642,340,,41,1,3976,
375005,4630,341,,41,1,3976,
375006,4634,342,,41,1,3976,
375007,229,343,,41,1,3976,
375008,230,344,,41,1,3976,
375009,4980,345,,41,1,3976,
375010,232,346,,41,1,3976,
375011,199,347,,41,1,3975,
375012,200,348,,41,1,3975,
375013,201,349,,41,1,3975,
375014,202,350,,41,1,3975,
375015,203,351,,41,1,3975,
375016,204,352,,41,1,3975,
375017,205,353,,41,1,3975,
375018,206,354,,41,1,3975,
375019,207,355,,41,1,3975,
375020,208,356,,41,1,3975,
375021,209,357,,41,1,3975,
375022,210,358,,41,1,3975,
375023,211,359,,41,1,3975,
375024,212,360,,41,1,3975,
375025,213,361,,41,1,3975,
375026,214,362,,41,1,3975,
375027,215,363,,41,1,3975,
375028,216,364,,41,1,3975,
375029,977,365,,41,1,4064,
375030,978,366,,41,1,4064,
375031,979,367,,41,1,4064,
375032,980,368,,41,1,4064,
375033,981,369,,41,1,4064,
375034,982,370,,41,1,4064,
375035,5535,371,,41,1,4470,
375036,5534,372,,41,1,4470,
375037,5533,373,,41,1,4470,
375038,5531,374,,41,1,4470,
375039,5530,375,,41,1,4470,
375040,5651,376,,41,1,4470,
375041,5529,377,,41,1,4470,
375042,5528,378,,41,1,4470,
375043,5527,379,,41,1,4470,
375044,5652,380,,41,1,4470,
375045,5526,381,,41,1,4470,
375046,5532,382,,41,1,4470,
375047,5545,383,,41,1,4469,
375048,5544,384,,41,1,4469,
375049,5543,385,,41,1,4469,
375050,5541,386,,41,1,4469,
375051,5540,387,,41,1,4469,
375052,5539,388,,41,1,4469,
375053,5538,389,,41,1,4469,
375054,5537,390,,41,1,4469,
375055,5536,391,,41,1,4469,
375056,5542,392,,41,1,4469,
375057,949,393,,42,1,4064,
375058,950,394,,42,1,4064,
375059,951,395,,42,1,4064,
375060,952,396,,42,1,4064,
375061,953,397,,42,1,4064,
375062,5475,398,,42,1,4472,
375063,5474,399,,42,1,4472,
375064,5473,400,,42,1,4472,
375065,5472,401,,42,1,4472,
375066,906,402,,42,1,3978,
375067,907,403,,42,1,3978,
375068,3620,404,,42,1,3978,
375069,909,405,,42,1,3978,
375070,3622,406,,42,1,3978,
375071,911,407,,42,1,3978,
375072,3624,408,,42,1,3978,
375073,3626,409,,42,1,3978,
375074,914,410,,42,1,3978,
375075,3627,411,,42,1,3978,
375076,915,412,,42,1,3978,
375077,916,413,,42,1,3978,
375078,5494,414,,42,1,4435,
375079,5495,415,,42,1,4435,
375080,5496,416,,42,1,4435,
375081,5493,417,,42,1,4435,
375082,5492,418,,42,1,4435,
375083,5491,419,,42,1,4435,
375084,5490,420,,42,1,4435,
375085,5489,421,,42,1,4435,
375086,5488,422,,42,1,4435,
375087,5487,423,,42,1,4435,
375088,5481,424,,42,1,4469,
375089,5480,425,,42,1,4469,
375090,5479,426,,42,1,4469,
375091,5478,427,,42,1,4469,
375092,5477,428,,42,1,4469,
375093,5476,429,,42,1,4469,
375094,5486,430,,42,1,4470,
375095,5485,431,,42,1,4470,
375096,5484,432,,42,1,4470,
375097,5483,433,,42,1,4470,
375098,5482,434,,42,1,4470,
375099,891,435,,42,1,3975,
375100,892,436,,42,1,3975,
375101,893,437,,42,1,3975,
375102,894,438,,42,1,3975,
375103,895,439,,42,1,3975,
375104,896,440,,42,1,3975,
375105,897,441,,42,1,3975,
375106,898,442,,42,1,3975,
375107,899,443,,42,1,3975,
375108,900,444,,42,1,3975,
375109,901,445,,42,1,3975,
375110,902,446,,42,1,3975,
375111,903,447,,42,1,3975,
375112,904,448,,42,1,3975,
375113,905,449,,42,1,3975,
375114,934,459,,42,1,3976,
375115,935,460,,42,1,3976,
375116,936,461,,42,1,3976,
375117,937,462,,42,1,3976,
375118,938,463,,42,1,3976,
375119,939,464,,42,1,3976,
375120,940,465,,42,1,3976,
375121,941,466,,42,1,3976,
375122,942,467,,42,1,3976,
375123,943,468,,42,1,3976,
375124,944,469,,42,1,3976,
375125,945,470,,42,1,3976,
375126,946,471,,42,1,3976,
375127,947,472,,42,1,3976,
375128,948,473,,42,1,3976,
375129,1039,474,,43,1,4064,
375130,1040,475,,43,1,4064,
375131,1041,476,,43,1,4064,
375132,1042,477,,43,1,4064,
375133,1043,478,,43,1,4064,
375134,1044,479,,43,1,4064,
375135,1045,480,,43,1,4064,
375136,1046,481,,43,1,4064,
375137,6236,482,,43,1,4469,
375138,6237,483,,43,1,4469,
375139,6238,484,,43,1,4469,
375140,980,485,,43,1,4469,
375141,6240,486,,43,1,4469,
375142,6241,487,,43,1,4469,
375143,6242,488,,43,1,4469,
375144,6243,489,,43,1,4470,
375145,6244,490,,43,1,4470,
375146,6245,491,,43,1,4470,
375147,6246,492,,43,1,4470,
375148,6247,493,,43,1,4470,
375149,6243,494,,43,1,4470,
375150,6244,495,,43,1,4470,
375151,6245,496,,43,1,4470,
375152,6246,497,,43,1,4470,
375153,6247,498,,43,1,4470,
375154,997,499,,43,1,3976,
375155,935,500,,43,1,3976,
375156,999,501,,43,1,3976,
375157,1000,502,,43,1,3976,
375158,1001,503,,43,1,3976,
375159,1002,504,,43,1,3976,
375160,936,505,,43,1,3976,
375161,1004,506,,43,1,3976,
375162,1005,507,,43,1,3976,
375163,943,508,,43,1,3976,
375164,944,509,,43,1,3976,
375165,1008,510,,43,1,3976,
375166,946,511,,43,1,3976,
375167,947,512,,43,1,3976,
375168,948,513,,43,1,3976,
375169,1012,514,,43,1,3975,
375170,117,515,,43,1,3975,
375171,1014,516,,43,1,3975,
375172,1015,517,,43,1,3975,
375173,1016,518,,43,1,3975,
375174,1017,519,,43,1,3975,
375175,1018,520,,43,1,3975,
375176,1019,521,,43,1,3975,
375177,1020,522,,43,1,3975,
375178,1021,523,,43,1,3975,
375179,1022,524,,43,1,3975,
375180,1023,525,,43,1,3975,
375181,1024,526,,43,1,3975,
375182,1025,527,,43,1,3975,
375183,1026,528,,43,1,3975,
375184,1027,529,,43,1,3975,
375185,5681,530,,44,1,4482,
375186,5680,531,,44,1,4482,
375187,5679,532,,44,1,4482,
375188,5669,533,,44,1,4482,
375189,5678,534,,44,1,4482,
375190,5677,535,,44,1,4482,
375191,5676,536,,44,1,4482,
375192,5675,537,,44,1,4482,
375193,5674,538,,44,1,4482,
375194,5673,539,,44,1,4482,
375195,5672,540,,44,1,4482,
375196,5671,541,,44,1,4482,
375197,5670,542,,44,1,4482,
375198,6148,543,,44,1,4106,
375199,6149,544,,44,1,4106,
375200,6150,545,,44,1,4106,
375201,6151,546,,44,1,4106,
375202,6152,547,,44,1,4106,
375203,6153,548,,44,1,4106,
375204,6154,549,,44,1,4106,
375205,6155,550,,44,1,4106,
375206,6156,551,,44,1,4106,
375207,6157,552,,44,1,4106,
375208,6158,553,,44,1,4106,
375209,6159,554,,44,1,4106,
375210,6160,555,,44,1,4106,
375211,6161,556,,44,1,4106,
375212,6162,557,,44,1,4106,
375213,6163,558,,44,1,4106,
375214,6164,559,,44,1,4106,
375215,6165,560,,44,1,4106,
375216,6166,561,,44,1,4106,
375217,6167,562,,44,1,4106,
375218,6168,563,,44,1,4106,
375219,6169,564,,44,1,4106,
375220,5710,565,,44,1,4483,
375221,5709,566,,44,1,4483,
375222,5706,567,,44,1,4483,
375223,5705,568,,44,1,4483,
375224,5707,569,,44,1,4483,
375225,5708,570,,44,1,4483,
375226,5702,571,,44,1,4483,
375227,5704,572,,44,1,4483,
375228,5703,573,,44,1,4483,
375229,5711,574,,44,1,4483,
375230,5712,575,,44,1,4119,
375231,5719,576,,44,1,4119,
375232,5718,577,,44,1,4119,
375233,5717,578,,44,1,4119,
375234,5721,579,,44,1,4119,
375235,5714,580,,44,1,4119,
375236,5715,581,,44,1,4119,
375237,5716,582,,44,1,4119,
375238,5713,583,,44,1,4119,
375239,5723,584,,44,1,4119,
375240,5725,585,,44,1,4119,
375241,5722,586,,44,1,4119,
375242,5724,587,,44,1,4119,
375243,5720,588,,44,1,4119,
375244,5699,589,,44,1,4472,
375245,5689,590,,44,1,4472,
375246,5691,591,,44,1,4472,
375247,5687,592,,44,1,4472,
375248,5683,593,,44,1,4472,
375249,5686,594,,44,1,4472,
375250,5684,595,,44,1,4472,
375251,5682,596,,44,1,4472,
375252,5685,597,,44,1,4472,
375253,5697,598,,44,1,4472,
375254,5701,599,,44,1,4472,
375255,5698,600,,44,1,4472,
375256,5700,601,,44,1,4472,
375257,5694,602,,44,1,4472,
375258,5692,603,,44,1,4472,
375259,5695,604,,44,1,4472,
375260,5693,605,,44,1,4472,
375261,5696,606,,44,1,4472,
375262,5690,607,,44,1,4472,
375263,5688,608,,44,1,4472,
375264,5755,609,,44,1,3978,
375265,5754,610,,44,1,3978,
375266,5753,611,,44,1,3978,
375267,5752,612,,44,1,3978,
375268,5751,613,,44,1,3978,
375269,5750,614,,44,1,3978,
375270,5749,615,,44,1,3978,
375271,5748,616,,44,1,3978,
375272,5744,617,,44,1,3978,
375273,5743,618,,44,1,3978,
375274,5747,619,,44,1,3978,
375275,5746,620,,44,1,3978,
375276,5745,621,,44,1,3978,
375277,5761,622,,44,1,4435,
375278,5759,623,,44,1,4435,
375279,5760,624,,44,1,4435,
375280,5758,625,,44,1,4435,
375281,5757,626,,44,1,4435,
375282,5762,627,,44,1,4435,
375283,5795,628,,44,1,4481,
375284,5794,629,,44,1,4481,
375285,5793,630,,44,1,4481,
375286,5792,631,,44,1,4481,
375287,5791,632,,44,1,4481,
375288,5790,633,,44,1,4481,
375289,5789,634,,44,1,4481,
375290,5788,635,,44,1,4481,
375291,5787,636,,44,1,4481,
375292,5786,637,,44,1,4481,
375293,5785,638,,44,1,4481,
375294,5784,639,,44,1,4481,
375295,5783,640,,44,1,4481,
375296,5782,641,,44,1,4481,
375297,5781,642,,44,1,4481,
375298,5780,643,,44,1,4481,
375299,5779,644,,44,1,4481,
375300,5778,645,,44,1,4481,
375301,5777,646,,44,1,4481,
375302,5776,647,,44,1,4481,
375303,5775,648,,44,1,4481,
375304,5774,649,,44,1,4481,
375305,5773,650,,44,1,4481,
375306,5741,651,,44,1,3976,
375307,5740,652,,44,1,3976,
375308,5739,653,,44,1,3976,
375309,5738,654,,44,1,3976,
375310,5737,655,,44,1,3976,
375311,5736,656,,44,1,3976,
375312,5727,657,,44,1,3976,
375313,5735,658,,44,1,3976,
375314,5734,659,,44,1,3976,
375315,5733,660,,44,1,3976,
375316,5732,661,,44,1,3976,
375317,5726,662,,44,1,3976,
375318,5731,663,,44,1,3976,
375319,5730,664,,44,1,3976,
375320,5729,665,,44,1,3976,
375321,5728,666,,44,1,3976,
375322,5664,667,,44,1,3975,
375323,5663,668,,44,1,3975,
375324,5665,669,,44,1,3975,
375325,5661,670,,44,1,3975,
375326,5662,671,,44,1,3975,
375327,5668,672,,44,1,3975,
375328,5667,673,,44,1,3975,
375329,5666,674,,44,1,3975,
375330,5656,675,,44,1,3975,
375331,5660,676,,44,1,3975,
375332,5659,677,,44,1,3975,
375333,5654,678,,44,1,3975,
375334,5655,679,,44,1,3975,
375335,5657,680,,44,1,3975,
375336,5658,681,,44,1,3975,
375337,5965,682,,45,1,4482,
375338,5971,683,,45,1,4482,
375339,5964,684,,45,1,4482,
375340,5970,685,,45,1,4482,
375341,5961,686,,45,1,4482,
375342,5969,687,,45,1,4482,
375343,5967,688,,45,1,4482,
375344,5968,689,,45,1,4482,
375345,5963,690,,45,1,4482,
375346,5966,691,,45,1,4482,
375347,5962,692,,45,1,4482,
375348,6120,693,,45,1,4119,
375349,6121,694,,45,1,4119,
375350,6122,695,,45,1,4119,
375351,6123,696,,45,1,4119,
375352,6124,697,,45,1,4119,
375353,6125,698,,45,1,4119,
375354,6126,699,,45,1,4119,
375355,6127,700,,45,1,4119,
375356,6128,701,,45,1,4119,
375357,6129,702,,45,1,4119,
375358,6130,703,,45,1,4119,
375359,6131,704,,45,1,4119,
375360,6132,705,,45,1,4119,
375361,6133,706,,45,1,4119,
375362,6134,707,,45,1,4119,
375363,6135,708,,45,1,4119,
375364,5932,709,,45,1,4046,
375365,6136,710,,45,1,4046,
375366,5931,711,,45,1,4046,
375367,5930,712,,45,1,4046,
375368,6137,713,,45,1,4046,
375369,6138,714,,45,1,4046,
375370,6139,715,,45,1,4046,
375371,5929,716,,45,1,4046,
375372,5912,717,,45,1,4481,
375373,5911,718,,45,1,4481,
375374,5913,719,,45,1,4481,
375375,5910,720,,45,1,4481,
375376,5909,721,,45,1,4481,
375377,5906,722,,45,1,4481,
375378,5908,723,,45,1,4481,
375379,5907,724,,45,1,4481,
375380,5835,725,,45,1,3976,
375381,5834,726,,45,1,3976,
375382,5833,727,,45,1,3976,
375383,5832,728,,45,1,3976,
375384,5831,729,,45,1,3976,
375385,5830,730,,45,1,3976,
375386,5840,731,,45,1,3976,
375387,5839,732,,45,1,3976,
375388,5838,733,,45,1,3976,
375389,5837,734,,45,1,3976,
375390,5836,735,,45,1,3976,
375391,5829,736,,45,1,3975,
375392,5822,737,,45,1,3975,
375393,5828,738,,45,1,3975,
375394,5827,739,,45,1,3975,
375395,5826,740,,45,1,3975,
375396,5825,741,,45,1,3975,
375397,5824,742,,45,1,3975,
375398,5823,743,,45,1,3975,
375399,5816,744,,45,1,3975,
375400,5821,745,,45,1,3975,
375401,5820,746,,45,1,3975,
375402,5819,747,,45,1,3975,
375403,5818,748,,45,1,3975,
375404,5817,749,,45,1,3975,
375405,57,750,,39,1,3978,
375406,3551,751,,39,1,3978,
375407,59,752,,39,1,3978,
375408,3552,753,,39,1,3978,
375409,58,754,,39,1,3978,
375410,3553,755,,39,1,3978,
375411,60,756,,39,1,3978,
375412,3554,757,,39,1,3978,
375413,61,758,,39,1,3978,
375414,3598,759,,39,1,3978,
375415,62,760,,39,1,3978,
375416,3599,761,,39,1,3978,
375417,63,762,,39,1,3978,
375418,3600,763,,39,1,3978,
375419,64,764,,39,1,3978,
375420,3601,765,,39,1,3978,
375421,65,766,,39,1,3978,
375422,66,767,,39,1,3978,
375423,6336,770,,37,1,5108,
375424,917,772,,42,1,3977,
375425,855,1798,,38,1,3976,
375426,856,1799,,38,1,3976,
375427,641,1870,,34,1,3976,
375428,8560,1874,,42,1,3976,7028
375429,8560,1875,test,42,1,3976,7028
