_relInternalId,_fromInternalId,_fromLabels,_fromKeyProps,_toInternalId,_toLabels,_toKeyProps,database_type
62,620,Result,"{""question_paper_id"":""5673"",""student_id"":""100239"",""resultId"":""174969""}",619,Assessment,"{""sub_institute_id"":""1"",""subject_id"":""3975"",""standard_id"":""40"",""paper_name"":""PAL Test"",""grade_id"":""11"",""assId"":""5673""}",
73,622,Result,"{""question_paper_id"":""5674"",""student_id"":""100239"",""resultId"":""174970""}",621,Assessment,"{""sub_institute_id"":""1"",""subject_id"":""3975"",""standard_id"":""40"",""paper_name"":""PAL Test"",""grade_id"":""11"",""assId"":""5674""}",
78,624,Result,"{""question_paper_id"":""5675"",""student_id"":""100239"",""resultId"":""174971""}",623,Assessment,"{""sub_institute_id"":""1"",""subject_id"":""3975"",""standard_id"":""40"",""paper_name"":""PAL Test"",""grade_id"":""11"",""assId"":""5675""}",
85,628,Result,"{""question_paper_id"":""5677"",""student_id"":""100239"",""resultId"":""174972""}",627,Assessment,"{""sub_institute_id"":""1"",""subject_id"":""3975"",""standard_id"":""40"",""paper_name"":""PAL Test"",""grade_id"":""11"",""assId"":""5677""}",
90,630,Result,"{""question_paper_id"":""5678"",""student_id"":""100239"",""resultId"":""174973""}",629,Assessment,"{""sub_institute_id"":""1"",""subject_id"":""3975"",""standard_id"":""40"",""paper_name"":""PAL Test"",""grade_id"":""11"",""assId"":""5678""}",
95,632,Result,"{""question_paper_id"":""5679"",""student_id"":""100239"",""resultId"":""174974""}",631,Assessment,"{""sub_institute_id"":""1"",""subject_id"":""3975"",""standard_id"":""40"",""paper_name"":""PAL Test"",""grade_id"":""11"",""assId"":""5679""}",
102,636,Result,"{""question_paper_id"":""5682"",""student_id"":""100239"",""resultId"":""174977""}",635,Assessment,"{""sub_institute_id"":""1"",""subject_id"":""3975"",""standard_id"":""40"",""paper_name"":""PAL Test"",""grade_id"":""11"",""assId"":""5682""}",
107,638,Result,"{""question_paper_id"":""5683"",""student_id"":""100239"",""resultId"":""174978""}",637,Assessment,"{""sub_institute_id"":""1"",""subject_id"":""3975"",""standard_id"":""40"",""paper_name"":""PAL Test"",""grade_id"":""11"",""assId"":""5683""}",
112,640,Result,"{""question_paper_id"":""5684"",""student_id"":""100239"",""resultId"":""174979""}",639,Assessment,"{""sub_institute_id"":""1"",""subject_id"":""3975"",""standard_id"":""40"",""paper_name"":""PAL Test"",""grade_id"":""11"",""assId"":""5684""}",
117,642,Result,"{""question_paper_id"":""5685"",""student_id"":""100239"",""resultId"":""174980""}",641,Assessment,"{""sub_institute_id"":""1"",""subject_id"":""3975"",""standard_id"":""40"",""paper_name"":""PAL Test"",""grade_id"":""11"",""assId"":""5685""}",
122,644,Result,"{""question_paper_id"":""5686"",""student_id"":""100239"",""resultId"":""174981""}",643,Assessment,"{""sub_institute_id"":""1"",""subject_id"":""3975"",""standard_id"":""40"",""paper_name"":""PAL Test"",""grade_id"":""11"",""assId"":""5686""}",
127,646,Result,"{""question_paper_id"":""5687"",""student_id"":""100239"",""resultId"":""174982""}",645,Assessment,"{""sub_institute_id"":""1"",""subject_id"":""3975"",""standard_id"":""40"",""paper_name"":""PAL Test"",""grade_id"":""11"",""assId"":""5687""}",
132,648,Result,"{""question_paper_id"":""5688"",""student_id"":""100239"",""resultId"":""174983""}",647,Assessment,"{""sub_institute_id"":""1"",""subject_id"":""3975"",""standard_id"":""40"",""paper_name"":""PAL Test"",""grade_id"":""11"",""assId"":""5688""}",
157,670,Result,"{""question_paper_id"":""5691"",""student_id"":""100239"",""resultId"":""174985""}",669,Assessment,"{""sub_institute_id"":""1"",""subject_id"":""3975"",""standard_id"":""40"",""paper_name"":""PAL Test"",""grade_id"":""11"",""assId"":""5691""}",
162,672,Result,"{""question_paper_id"":""5692"",""student_id"":""100239"",""resultId"":""174986""}",671,Assessment,"{""sub_institute_id"":""1"",""subject_id"":""3975"",""standard_id"":""40"",""paper_name"":""PAL Test"",""grade_id"":""11"",""assId"":""5692""}",
167,674,Result,"{""question_paper_id"":""5693"",""student_id"":""100239"",""resultId"":""174987""}",673,Assessment,"{""sub_institute_id"":""1"",""subject_id"":""3975"",""standard_id"":""40"",""paper_name"":""PAL Test"",""grade_id"":""11"",""assId"":""5693""}",
172,676,Result,"{""question_paper_id"":""5694"",""student_id"":""100239"",""resultId"":""174988""}",675,Assessment,"{""sub_institute_id"":""1"",""subject_id"":""3975"",""standard_id"":""40"",""paper_name"":""PAL Test"",""grade_id"":""11"",""assId"":""5694""}",
177,678,Result,"{""question_paper_id"":""5695"",""student_id"":""100239"",""resultId"":""174989""}",677,Assessment,"{""sub_institute_id"":""1"",""subject_id"":""3975"",""standard_id"":""40"",""paper_name"":""PAL Test"",""grade_id"":""11"",""assId"":""5695""}",
182,680,Result,"{""question_paper_id"":""5696"",""student_id"":""100239"",""resultId"":""174990""}",679,Assessment,"{""sub_institute_id"":""1"",""subject_id"":""3975"",""standard_id"":""40"",""paper_name"":""PAL Test"",""grade_id"":""11"",""assId"":""5696""}",
187,682,Result,"{""question_paper_id"":""5697"",""student_id"":""100239"",""resultId"":""174991""}",681,Assessment,"{""sub_institute_id"":""1"",""subject_id"":""3975"",""standard_id"":""40"",""paper_name"":""PAL Test"",""grade_id"":""11"",""assId"":""5697""}",
192,684,Result,"{""question_paper_id"":""5698"",""student_id"":""100239"",""resultId"":""174992""}",683,Assessment,"{""sub_institute_id"":""1"",""subject_id"":""3975"",""standard_id"":""40"",""paper_name"":""PAL Test"",""grade_id"":""11"",""assId"":""5698""}",
197,686,Result,"{""question_paper_id"":""5699"",""student_id"":""100239"",""resultId"":""174993""}",685,Assessment,"{""sub_institute_id"":""1"",""subject_id"":""3975"",""standard_id"":""40"",""paper_name"":""PAL Test"",""grade_id"":""11"",""assId"":""5699""}",
202,688,Result,"{""question_paper_id"":""5700"",""student_id"":""100239"",""resultId"":""174994""}",687,Assessment,"{""sub_institute_id"":""1"",""subject_id"":""3975"",""standard_id"":""40"",""paper_name"":""PAL Test"",""grade_id"":""11"",""assId"":""5700""}",
207,690,Result,"{""question_paper_id"":""5701"",""student_id"":""100239"",""resultId"":""174995""}",689,Assessment,"{""sub_institute_id"":""1"",""subject_id"":""3975"",""standard_id"":""40"",""paper_name"":""PAL Test"",""grade_id"":""11"",""assId"":""5701""}",
212,692,Result,"{""question_paper_id"":""5702"",""student_id"":""100239"",""resultId"":""174996""}",691,Assessment,"{""sub_institute_id"":""1"",""subject_id"":""3975"",""standard_id"":""40"",""paper_name"":""PAL Test"",""grade_id"":""0"",""assId"":""5702""}",
217,694,Result,"{""question_paper_id"":""5703"",""student_id"":""100239"",""resultId"":""174997""}",693,Assessment,"{""sub_institute_id"":""1"",""subject_id"":""3975"",""standard_id"":""40"",""paper_name"":""PAL Test"",""grade_id"":""0"",""assId"":""5703""}",
222,696,Result,"{""question_paper_id"":""5704"",""student_id"":""100239"",""resultId"":""174998""}",695,Assessment,"{""sub_institute_id"":""1"",""subject_id"":""3975"",""standard_id"":""40"",""paper_name"":""PAL Test"",""grade_id"":""11"",""assId"":""5704""}",
227,698,Result,"{""question_paper_id"":""5705"",""student_id"":""100239"",""resultId"":""174999""}",697,Assessment,"{""sub_institute_id"":""1"",""subject_id"":""3975"",""standard_id"":""40"",""paper_name"":""PAL Test"",""grade_id"":""11"",""assId"":""5705""}",
232,700,Result,"{""question_paper_id"":""5706"",""student_id"":""100239"",""resultId"":""175000""}",699,Assessment,"{""sub_institute_id"":""1"",""subject_id"":""3975"",""standard_id"":""40"",""paper_name"":""PAL Test"",""grade_id"":""11"",""assId"":""5706""}",
237,702,Result,"{""question_paper_id"":""5707"",""student_id"":""100239"",""resultId"":""175001""}",701,Assessment,"{""sub_institute_id"":""1"",""subject_id"":""3975"",""standard_id"":""40"",""paper_name"":""PAL Test"",""grade_id"":""11"",""assId"":""5707""}",
242,704,Result,"{""question_paper_id"":""5708"",""student_id"":""0"",""resultId"":""175002""}",703,Assessment,"{""sub_institute_id"":""0"",""subject_id"":""0"",""standard_id"":""0"",""grade_id"":""0"",""assId"":""5708""}",
245,706,Result,"{""question_paper_id"":""5709"",""student_id"":""0"",""resultId"":""175003""}",705,Assessment,"{""sub_institute_id"":""1"",""subject_id"":""0"",""standard_id"":""0"",""grade_id"":""0"",""assId"":""5709""}",
248,708,Result,"{""question_paper_id"":""5710"",""student_id"":""0"",""resultId"":""175004""}",707,Assessment,"{""sub_institute_id"":""1"",""subject_id"":""1"",""standard_id"":""1"",""paper_name"":""test"",""grade_id"":""0"",""assId"":""5710""}",
251,710,Result,"{""question_paper_id"":""5718"",""student_id"":""100239"",""resultId"":""177466""}",709,Assessment,"{""sub_institute_id"":""1"",""subject_id"":""3975"",""standard_id"":""39"",""paper_name"":""PAL Test"",""grade_id"":""11"",""assId"":""5718""}",
256,712,Result,"{""question_paper_id"":""5711"",""student_id"":""0"",""resultId"":""175005""}",711,Assessment,"{""sub_institute_id"":""0"",""subject_id"":""0"",""standard_id"":""0"",""grade_id"":""0"",""assId"":""5711""}",
259,714,Result,"{""question_paper_id"":""5712"",""student_id"":""0"",""resultId"":""175006""}",713,Assessment,"{""sub_institute_id"":""0"",""subject_id"":""3975"",""standard_id"":""43"",""grade_id"":""0"",""assId"":""5712""}",
262,716,Result,"{""question_paper_id"":""5713"",""student_id"":""0"",""resultId"":""175007""}",715,Assessment,"{""sub_institute_id"":""0"",""subject_id"":""3975"",""standard_id"":""43"",""paper_name"":""test 2026-06-24"",""grade_id"":""0"",""assId"":""5713""}",
266,718,Result,"{""question_paper_id"":""5714"",""student_id"":""0"",""resultId"":""175008""}",717,Assessment,"{""sub_institute_id"":""0"",""subject_id"":""3975"",""standard_id"":""43"",""paper_name"":""test 2026-06-24"",""grade_id"":""0"",""assId"":""5714""}",
272,722,Result,"{""question_paper_id"":""5715"",""student_id"":""0"",""resultId"":""175009""}",721,Assessment,"{""sub_institute_id"":""0"",""subject_id"":""3975"",""standard_id"":""43"",""paper_name"":""test 2026-06-24"",""grade_id"":""0"",""assId"":""5715""}",
276,724,Result,"{""question_paper_id"":""5725"",""student_id"":""100239"",""resultId"":""177705""}",723,Assessment,"{""sub_institute_id"":""1"",""subject_id"":""3975"",""standard_id"":""39"",""paper_name"":""PAL Test"",""grade_id"":""11"",""assId"":""5725""}",
281,726,Result,"{""question_paper_id"":""5726"",""student_id"":""97382"",""resultId"":""177754""}",725,Assessment,"{""sub_institute_id"":""1"",""subject_id"":""3975"",""standard_id"":""39"",""paper_name"":""PAL Test"",""grade_id"":""11"",""assId"":""5726""}",
293,732,Result,"{""question_paper_id"":""5728"",""student_id"":""100239"",""resultId"":""177883""}",731,Assessment,"{""sub_institute_id"":""1"",""subject_id"":""3975"",""standard_id"":""39"",""paper_name"":""PAL Test"",""grade_id"":""11"",""assId"":""5728""}",
298,734,Result,"{""question_paper_id"":""5755"",""student_id"":""100239"",""resultId"":""179115""}",733,Assessment,"{""sub_institute_id"":""1"",""subject_id"":""3975"",""standard_id"":""39"",""paper_name"":""PAL Test"",""grade_id"":""11"",""assId"":""5755""}",
303,736,Result,"{""question_paper_id"":""5756"",""student_id"":""100239"",""resultId"":""179116""}",735,Assessment,"{""sub_institute_id"":""1"",""subject_id"":""3975"",""standard_id"":""39"",""paper_name"":""PAL Test"",""grade_id"":""11"",""assId"":""5756""}",
308,738,Result,"{""question_paper_id"":""5757"",""student_id"":""100239"",""resultId"":""179117""}",737,Assessment,"{""sub_institute_id"":""1"",""subject_id"":""3975"",""standard_id"":""39"",""paper_name"":""PAL Test"",""grade_id"":""11"",""assId"":""5757""}",
316,740,Result,"{""question_paper_id"":""5758"",""student_id"":""100239"",""resultId"":""179118""}",739,Assessment,"{""sub_institute_id"":""1"",""subject_id"":""3975"",""standard_id"":""39"",""paper_name"":""PAL Test"",""grade_id"":""11"",""assId"":""5758""}",
321,742,Result,"{""question_paper_id"":""5759"",""student_id"":""100239"",""resultId"":""179119""}",741,Assessment,"{""sub_institute_id"":""1"",""subject_id"":""3975"",""standard_id"":""39"",""paper_name"":""PAL Test"",""grade_id"":""11"",""assId"":""5759""}",
326,744,Result,"{""question_paper_id"":""5760"",""student_id"":""100239"",""resultId"":""179120""}",743,Assessment,"{""sub_institute_id"":""1"",""subject_id"":""3975"",""standard_id"":""39"",""paper_name"":""PAL Test"",""grade_id"":""11"",""assId"":""5760""}",
331,746,Result,"{""question_paper_id"":""5768"",""student_id"":""100239"",""resultId"":""179254""}",745,Assessment,"{""sub_institute_id"":""1"",""subject_id"":""3975"",""standard_id"":""39"",""paper_name"":""PAL Test"",""grade_id"":""11"",""assId"":""5768""}",
336,748,Result,"{""question_paper_id"":""5769"",""student_id"":""100239"",""resultId"":""179357""}",747,Assessment,"{""sub_institute_id"":""1"",""subject_id"":""3975"",""standard_id"":""39"",""paper_name"":""PAL Test"",""grade_id"":""11"",""assId"":""5769""}",
341,750,Result,"{""question_paper_id"":""5770"",""student_id"":""100239"",""resultId"":""179438""}",749,Assessment,"{""sub_institute_id"":""1"",""subject_id"":""3975"",""standard_id"":""39"",""paper_name"":""PAL Test"",""grade_id"":""11"",""assId"":""5770""}",
346,752,Result,"{""question_paper_id"":""5772"",""student_id"":""106287"",""resultId"":""179547""}",751,Assessment,"{""sub_institute_id"":""195"",""subject_id"":""3972"",""standard_id"":""2229"",""paper_name"":""PAL Test"",""grade_id"":""562"",""assId"":""5772""}",
358,754,Result,"{""question_paper_id"":""5773"",""student_id"":""100239"",""resultId"":""179588""}",753,Assessment,"{""sub_institute_id"":""1"",""subject_id"":""3975"",""standard_id"":""39"",""paper_name"":""PAL Test"",""grade_id"":""11"",""assId"":""5773""}",
979470,196558,Result,"{""question_paper_id"":""1388"",""student_id"":""97382"",""resultId"":""20868""}",374610,Assessment,"{""sub_institute_id"":""1"",""standard_id"":""39"",""subject_id"":""3975"",""paper_name"":""exam name 1"",""grade_id"":""11"",""assId"":""1388""}",
979471,196559,Result,"{""question_paper_id"":""1388"",""student_id"":""97382"",""resultId"":""20869""}",374610,Assessment,"{""sub_institute_id"":""1"",""standard_id"":""39"",""subject_id"":""3975"",""paper_name"":""exam name 1"",""grade_id"":""11"",""assId"":""1388""}",
979472,196560,Result,"{""question_paper_id"":""1388"",""student_id"":""97382"",""resultId"":""20870""}",374610,Assessment,"{""sub_institute_id"":""1"",""standard_id"":""39"",""subject_id"":""3975"",""paper_name"":""exam name 1"",""grade_id"":""11"",""assId"":""1388""}",
979473,197357,Result,"{""question_paper_id"":""1388"",""student_id"":""97382"",""resultId"":""21675""}",374610,Assessment,"{""sub_institute_id"":""1"",""standard_id"":""39"",""subject_id"":""3975"",""paper_name"":""exam name 1"",""grade_id"":""11"",""assId"":""1388""}",
979474,197358,Result,"{""question_paper_id"":""1388"",""student_id"":""97382"",""resultId"":""21676""}",374610,Assessment,"{""sub_institute_id"":""1"",""standard_id"":""39"",""subject_id"":""3975"",""paper_name"":""exam name 1"",""grade_id"":""11"",""assId"":""1388""}",
979475,197362,Result,"{""question_paper_id"":""1388"",""student_id"":""97382"",""resultId"":""21680""}",374610,Assessment,"{""sub_institute_id"":""1"",""standard_id"":""39"",""subject_id"":""3975"",""paper_name"":""exam name 1"",""grade_id"":""11"",""assId"":""1388""}",
979476,197363,Result,"{""question_paper_id"":""1388"",""student_id"":""97382"",""resultId"":""21681""}",374610,Assessment,"{""sub_institute_id"":""1"",""standard_id"":""39"",""subject_id"":""3975"",""paper_name"":""exam name 1"",""grade_id"":""11"",""assId"":""1388""}",
979477,197901,Result,"{""question_paper_id"":""1388"",""student_id"":""97926"",""resultId"":""22240""}",374610,Assessment,"{""sub_institute_id"":""1"",""standard_id"":""39"",""subject_id"":""3975"",""paper_name"":""exam name 1"",""grade_id"":""11"",""assId"":""1388""}",
979478,197902,Result,"{""question_paper_id"":""1388"",""student_id"":""97926"",""resultId"":""22241""}",374610,Assessment,"{""sub_institute_id"":""1"",""standard_id"":""39"",""subject_id"":""3975"",""paper_name"":""exam name 1"",""grade_id"":""11"",""assId"":""1388""}",
979479,197903,Result,"{""question_paper_id"":""1388"",""student_id"":""97926"",""resultId"":""22242""}",374610,Assessment,"{""sub_institute_id"":""1"",""standard_id"":""39"",""subject_id"":""3975"",""paper_name"":""exam name 1"",""grade_id"":""11"",""assId"":""1388""}",
979480,197904,Result,"{""question_paper_id"":""1388"",""student_id"":""97926"",""resultId"":""22243""}",374610,Assessment,"{""sub_institute_id"":""1"",""standard_id"":""39"",""subject_id"":""3975"",""paper_name"":""exam name 1"",""grade_id"":""11"",""assId"":""1388""}",
979481,197910,Result,"{""question_paper_id"":""1388"",""student_id"":""97926"",""resultId"":""22249""}",374610,Assessment,"{""sub_institute_id"":""1"",""standard_id"":""39"",""subject_id"":""3975"",""paper_name"":""exam name 1"",""grade_id"":""11"",""assId"":""1388""}",
979482,197911,Result,"{""question_paper_id"":""1388"",""student_id"":""97926"",""resultId"":""22250""}",374610,Assessment,"{""sub_institute_id"":""1"",""standard_id"":""39"",""subject_id"":""3975"",""paper_name"":""exam name 1"",""grade_id"":""11"",""assId"":""1388""}",
979483,198619,Result,"{""question_paper_id"":""1388"",""student_id"":""97926"",""resultId"":""22982""}",374610,Assessment,"{""sub_institute_id"":""1"",""standard_id"":""39"",""subject_id"":""3975"",""paper_name"":""exam name 1"",""grade_id"":""11"",""assId"":""1388""}",
979484,198668,Result,"{""question_paper_id"":""1388"",""student_id"":""97926"",""resultId"":""23031""}",374610,Assessment,"{""sub_institute_id"":""1"",""standard_id"":""39"",""subject_id"":""3975"",""paper_name"":""exam name 1"",""grade_id"":""11"",""assId"":""1388""}",
979485,198669,Result,"{""question_paper_id"":""1388"",""student_id"":""97926"",""resultId"":""23032""}",374610,Assessment,"{""sub_institute_id"":""1"",""standard_id"":""39"",""subject_id"":""3975"",""paper_name"":""exam name 1"",""grade_id"":""11"",""assId"":""1388""}",
979486,198672,Result,"{""question_paper_id"":""1388"",""student_id"":""97926"",""resultId"":""23035""}",374610,Assessment,"{""sub_institute_id"":""1"",""standard_id"":""39"",""subject_id"":""3975"",""paper_name"":""exam name 1"",""grade_id"":""11"",""assId"":""1388""}",
979487,199137,Result,"{""question_paper_id"":""1388"",""student_id"":""97382"",""resultId"":""23517""}",374610,Assessment,"{""sub_institute_id"":""1"",""standard_id"":""39"",""subject_id"":""3975"",""paper_name"":""exam name 1"",""grade_id"":""11"",""assId"":""1388""}",
979488,199226,Result,"{""question_paper_id"":""1680"",""student_id"":""97382"",""resultId"":""23606""}",374614,Assessment,"{""sub_institute_id"":""1"",""standard_id"":""39"",""subject_id"":""3975"",""paper_name"":""11-July-2023 Chapter-2"",""grade_id"":""11"",""assId"":""1680""}",
979489,199228,Result,"{""question_paper_id"":""1680"",""student_id"":""97382"",""resultId"":""23608""}",374614,Assessment,"{""sub_institute_id"":""1"",""standard_id"":""39"",""subject_id"":""3975"",""paper_name"":""11-July-2023 Chapter-2"",""grade_id"":""11"",""assId"":""1680""}",
979490,199234,Result,"{""question_paper_id"":""1680"",""student_id"":""97382"",""resultId"":""23614""}",374614,Assessment,"{""sub_institute_id"":""1"",""standard_id"":""39"",""subject_id"":""3975"",""paper_name"":""11-July-2023 Chapter-2"",""grade_id"":""11"",""assId"":""1680""}",
979491,199236,Result,"{""question_paper_id"":""1680"",""student_id"":""97382"",""resultId"":""23616""}",374614,Assessment,"{""sub_institute_id"":""1"",""standard_id"":""39"",""subject_id"":""3975"",""paper_name"":""11-July-2023 Chapter-2"",""grade_id"":""11"",""assId"":""1680""}",
979492,199237,Result,"{""question_paper_id"":""1680"",""student_id"":""97382"",""resultId"":""23617""}",374614,Assessment,"{""sub_institute_id"":""1"",""standard_id"":""39"",""subject_id"":""3975"",""paper_name"":""11-July-2023 Chapter-2"",""grade_id"":""11"",""assId"":""1680""}",
979493,199250,Result,"{""question_paper_id"":""1680"",""student_id"":""97382"",""resultId"":""23630""}",374614,Assessment,"{""sub_institute_id"":""1"",""standard_id"":""39"",""subject_id"":""3975"",""paper_name"":""11-July-2023 Chapter-2"",""grade_id"":""11"",""assId"":""1680""}",
979494,199251,Result,"{""question_paper_id"":""1688"",""student_id"":""97382"",""resultId"":""23631""}",374615,Assessment,"{""sub_institute_id"":""1"",""standard_id"":""39"",""subject_id"":""3976"",""paper_name"":""13-July Test by Rajesh"",""grade_id"":""11"",""assId"":""1688""}",
979495,199467,Result,"{""question_paper_id"":""1680"",""student_id"":""97382"",""resultId"":""23851""}",374614,Assessment,"{""sub_institute_id"":""1"",""standard_id"":""39"",""subject_id"":""3975"",""paper_name"":""11-July-2023 Chapter-2"",""grade_id"":""11"",""assId"":""1680""}",
979496,310850,Result,"{""question_paper_id"":""1688"",""student_id"":""97382"",""resultId"":""50200""}",374615,Assessment,"{""sub_institute_id"":""1"",""standard_id"":""39"",""subject_id"":""3976"",""paper_name"":""13-July Test by Rajesh"",""grade_id"":""11"",""assId"":""1688""}",
979497,321673,Result,"{""question_paper_id"":""3035"",""student_id"":""97382"",""resultId"":""62415""}",374622,Assessment,"{""sub_institute_id"":""1"",""standard_id"":""39"",""subject_id"":""3976"",""paper_name"":""18-04-2024 to 19-04-2024"",""grade_id"":""11"",""assId"":""3035""}",
979498,321674,Result,"{""question_paper_id"":""3035"",""student_id"":""97382"",""resultId"":""62416""}",374622,Assessment,"{""sub_institute_id"":""1"",""standard_id"":""39"",""subject_id"":""3976"",""paper_name"":""18-04-2024 to 19-04-2024"",""grade_id"":""11"",""assId"":""3035""}",
979499,336450,Result,"{""question_paper_id"":""1688"",""student_id"":""97926"",""resultId"":""66143""}",374615,Assessment,"{""sub_institute_id"":""1"",""standard_id"":""39"",""subject_id"":""3976"",""paper_name"":""13-July Test by Rajesh"",""grade_id"":""11"",""assId"":""1688""}",
979500,336980,Result,"{""question_paper_id"":""1688"",""student_id"":""97926"",""resultId"":""66779""}",374615,Assessment,"{""sub_institute_id"":""1"",""standard_id"":""39"",""subject_id"":""3976"",""paper_name"":""13-July Test by Rajesh"",""grade_id"":""11"",""assId"":""1688""}",
979501,337214,Result,"{""question_paper_id"":""1688"",""student_id"":""97926"",""resultId"":""67080""}",374615,Assessment,"{""sub_institute_id"":""1"",""standard_id"":""39"",""subject_id"":""3976"",""paper_name"":""13-July Test by Rajesh"",""grade_id"":""11"",""assId"":""1688""}",
979502,337370,Result,"{""question_paper_id"":""1688"",""student_id"":""97382"",""resultId"":""67249""}",374615,Assessment,"{""sub_institute_id"":""1"",""standard_id"":""39"",""subject_id"":""3976"",""paper_name"":""13-July Test by Rajesh"",""grade_id"":""11"",""assId"":""1688""}",
979503,46775,Result,"{""question_paper_id"":""4595"",""student_id"":""243327"",""resultId"":""129491""}",374669,Assessment,"{""sub_institute_id"":""1"",""standard_id"":""42"",""subject_id"":""3975"",""paper_name"":""Testing"",""grade_id"":""12"",""assId"":""4595""}",
979504,46776,Result,"{""question_paper_id"":""4595"",""student_id"":""243327"",""resultId"":""129492""}",374669,Assessment,"{""sub_institute_id"":""1"",""standard_id"":""42"",""subject_id"":""3975"",""paper_name"":""Testing"",""grade_id"":""12"",""assId"":""4595""}",
979505,46778,Result,"{""question_paper_id"":""4595"",""student_id"":""243327"",""resultId"":""129494""}",374669,Assessment,"{""sub_institute_id"":""1"",""standard_id"":""42"",""subject_id"":""3975"",""paper_name"":""Testing"",""grade_id"":""12"",""assId"":""4595""}",
979506,46786,Result,"{""question_paper_id"":""4595"",""student_id"":""243327"",""resultId"":""129502""}",374669,Assessment,"{""sub_institute_id"":""1"",""standard_id"":""42"",""subject_id"":""3975"",""paper_name"":""Testing"",""grade_id"":""12"",""assId"":""4595""}",
979507,46788,Result,"{""question_paper_id"":""4595"",""student_id"":""243327"",""resultId"":""129504""}",374669,Assessment,"{""sub_institute_id"":""1"",""standard_id"":""42"",""subject_id"":""3975"",""paper_name"":""Testing"",""grade_id"":""12"",""assId"":""4595""}",
979508,46789,Result,"{""question_paper_id"":""4595"",""student_id"":""243327"",""resultId"":""129505""}",374669,Assessment,"{""sub_institute_id"":""1"",""standard_id"":""42"",""subject_id"":""3975"",""paper_name"":""Testing"",""grade_id"":""12"",""assId"":""4595""}",
979509,154110,Result,"{""id"":""169309"",""question_paper_id"":""5499"",""student_id"":""100239"",""resultId"":""169309""}",374679,Assessment,"{""sub_institute_id"":""1"",""subject_id"":""3975"",""standard_id"":""39"",""paper_name"":""PAL Test"",""grade_id"":""11"",""assId"":""5499""}",
979510,154112,Result,"{""id"":""169310"",""question_paper_id"":""5500"",""student_id"":""100239"",""resultId"":""169310""}",374680,Assessment,"{""sub_institute_id"":""1"",""subject_id"":""3975"",""standard_id"":""39"",""paper_name"":""PAL Test"",""grade_id"":""11"",""assId"":""5500""}",
979511,154111,Result,"{""id"":""169311"",""question_paper_id"":""5501"",""student_id"":""100239"",""resultId"":""169311""}",374681,Assessment,"{""sub_institute_id"":""1"",""subject_id"":""3975"",""standard_id"":""39"",""paper_name"":""PAL Test"",""grade_id"":""11"",""assId"":""5501""}",
979512,154113,Result,"{""id"":""169312"",""question_paper_id"":""5502"",""student_id"":""100239"",""resultId"":""169312""}",374682,Assessment,"{""sub_institute_id"":""1"",""subject_id"":""3975"",""standard_id"":""39"",""paper_name"":""PAL Test"",""grade_id"":""11"",""assId"":""5502""}",
979513,154116,Result,"{""id"":""169313"",""question_paper_id"":""5503"",""student_id"":""100239"",""resultId"":""169313""}",374683,Assessment,"{""sub_institute_id"":""1"",""subject_id"":""3975"",""standard_id"":""39"",""paper_name"":""PAL Test"",""grade_id"":""11"",""assId"":""5503""}",
979514,154557,Result,"{""id"":""169321"",""question_paper_id"":""5504"",""student_id"":""100239"",""resultId"":""169321""}",374684,Assessment,"{""sub_institute_id"":""1"",""subject_id"":""3975"",""standard_id"":""39"",""paper_name"":""PAL Test"",""grade_id"":""11"",""assId"":""5504""}",
979515,154587,Result,"{""id"":""169323"",""question_paper_id"":""5507"",""student_id"":""100239"",""resultId"":""169323""}",374687,Assessment,"{""sub_institute_id"":""1"",""subject_id"":""3975"",""standard_id"":""39"",""paper_name"":""PAL Test"",""grade_id"":""11"",""assId"":""5507""}",
979516,365307,Result,"{""id"":""169327"",""question_paper_id"":""5508"",""student_id"":""100239"",""resultId"":""169327""}",374688,Assessment,"{""sub_institute_id"":""1"",""subject_id"":""3975"",""standard_id"":""39"",""paper_name"":""PAL Test"",""grade_id"":""11"",""assId"":""5508""}",
979517,365320,Result,"{""id"":""169328"",""question_paper_id"":""5509"",""student_id"":""100239"",""resultId"":""169328""}",374689,Assessment,"{""sub_institute_id"":""1"",""subject_id"":""3975"",""standard_id"":""39"",""paper_name"":""PAL Test"",""grade_id"":""11"",""assId"":""5509""}",
979518,371797,Result,"{""question_paper_id"":""5602"",""student_id"":""97382"",""resultId"":""173393""}",374696,Assessment,"{""sub_institute_id"":""1"",""subject_id"":""4064"",""standard_id"":""39"",""paper_name"":""PAL - Locating Places on the Earth - 20-04-2026"",""grade_id"":""11"",""assId"":""5602""}",
979519,371799,Result,"{""question_paper_id"":""5603"",""student_id"":""190488"",""resultId"":""173394""}",374697,Assessment,"{""sub_institute_id"":""1"",""subject_id"":""3975"",""standard_id"":""39"",""paper_name"":""PAL - The Wonderful World of Science - 20-04-2026"",""grade_id"":""11"",""assId"":""5603""}",
979520,371801,Result,"{""question_paper_id"":""5604"",""student_id"":""97382"",""resultId"":""173400""}",374698,Assessment,"{""sub_institute_id"":""1"",""subject_id"":""4064"",""standard_id"":""39"",""paper_name"":""PAL - Locating Places on the Earth - 20-04-2026"",""grade_id"":""11"",""assId"":""5604""}",
979521,371803,Result,"{""question_paper_id"":""5605"",""student_id"":""97382"",""resultId"":""173405""}",374699,Assessment,"{""sub_institute_id"":""1"",""subject_id"":""4064"",""standard_id"":""39"",""paper_name"":""PAL - Locating Places on the Earth - 20-04-2026"",""grade_id"":""11"",""assId"":""5605""}",
979522,371805,Result,"{""question_paper_id"":""5606"",""student_id"":""97382"",""resultId"":""173416""}",374700,Assessment,"{""sub_institute_id"":""1"",""subject_id"":""4064"",""standard_id"":""39"",""paper_name"":""PAL - Locating Places on the Earth - 20-04-2026"",""grade_id"":""11"",""assId"":""5606""}",
979523,371917,Result,"{""question_paper_id"":""5607"",""student_id"":""190488"",""resultId"":""173656""}",374701,Assessment,"{""sub_institute_id"":""1"",""subject_id"":""3975"",""standard_id"":""39"",""paper_name"":""PAL - The Wonderful World of Science - 21-04-2026"",""grade_id"":""11"",""assId"":""5607""}",
979524,372142,Result,"{""question_paper_id"":""5657"",""student_id"":""100239"",""resultId"":""174954""}",374704,Assessment,"{""sub_institute_id"":""1"",""subject_id"":""3975"",""standard_id"":""40"",""paper_name"":""PAL Test"",""grade_id"":""11"",""assId"":""5657""}",
979525,372144,Result,"{""question_paper_id"":""5658"",""student_id"":""100239"",""resultId"":""174955""}",374705,Assessment,"{""sub_institute_id"":""1"",""subject_id"":""3975"",""standard_id"":""40"",""paper_name"":""PAL Test"",""grade_id"":""11"",""assId"":""5658""}",
979526,372154,Result,"{""question_paper_id"":""5660"",""student_id"":""100239"",""resultId"":""174956""}",374707,Assessment,"{""sub_institute_id"":""1"",""subject_id"":""3975"",""standard_id"":""40"",""paper_name"":""PAL Test"",""grade_id"":""11"",""assId"":""5660""}",
979527,372156,Result,"{""question_paper_id"":""5661"",""student_id"":""100239"",""resultId"":""174958""}",374708,Assessment,"{""sub_institute_id"":""1"",""concept_id"":""3"",""subject_id"":""3975"",""standard_id"":""40"",""paper_name"":""PAL Test"",""grade_id"":""11"",""assId"":""5661""}",
996577,375439,Result,"{""question_paper_id"":""5665"",""student_id"":""100239"",""resultId"":""174961""}",375438,Assessment,"{""standard_id"":""40"",""subject_id"":""3975"",""paper_name"":""test 27-05-2026"",""assId"":""5665"",""sub_institute_id"":""1"",""grade_id"":""11""}",development_erp
