_relInternalId,_fromInternalId,_fromLabels,_fromKeyProps,_toInternalId,_toLabels,_toKeyProps,attempted_at,obtain_marks,percentage,performance_level,total_marks,total_right,total_wrong
979530,163545,Student,"{""sub_institute_id"":""1"",""standard_id"":""40"",""student_id"":""97926"",""stuId"":""363811"",""section_id"":""9"",""grade_id"":""11""}",374610,Assessment,"{""sub_institute_id"":""1"",""standard_id"":""39"",""subject_id"":""3975"",""paper_name"":""exam name 1"",""grade_id"":""11"",""assId"":""1388""}","{""seconds"":1779865069,""nanoseconds"":343000000,""tzOffsetSeconds"":0}",6,100,excellent,6,2,4
979531,160274,Student,"{""sub_institute_id"":""1"",""standard_id"":""39"",""student_id"":""97926"",""stuId"":""101909"",""section_id"":""9"",""grade_id"":""11""}",374610,Assessment,"{""sub_institute_id"":""1"",""standard_id"":""39"",""subject_id"":""3975"",""paper_name"":""exam name 1"",""grade_id"":""11"",""assId"":""1388""}","{""seconds"":1779865069,""nanoseconds"":343000000,""tzOffsetSeconds"":0}",6,100,excellent,6,2,4
979532,160273,Student,"{""sub_institute_id"":""1"",""standard_id"":""39"",""student_id"":""97382"",""stuId"":""96927"",""section_id"":""11"",""grade_id"":""11""}",374610,Assessment,"{""sub_institute_id"":""1"",""standard_id"":""39"",""subject_id"":""3975"",""paper_name"":""exam name 1"",""grade_id"":""11"",""assId"":""1388""}","{""seconds"":1779865069,""nanoseconds"":343000000,""tzOffsetSeconds"":0}",6,100,excellent,6,3,3
979533,163551,Student,"{""sub_institute_id"":""1"",""standard_id"":""40"",""student_id"":""97382"",""stuId"":""363817"",""section_id"":""11"",""grade_id"":""11""}",374610,Assessment,"{""sub_institute_id"":""1"",""standard_id"":""39"",""subject_id"":""3975"",""paper_name"":""exam name 1"",""grade_id"":""11"",""assId"":""1388""}","{""seconds"":1779865069,""nanoseconds"":343000000,""tzOffsetSeconds"":0}",6,100,excellent,6,3,3
979534,160273,Student,"{""sub_institute_id"":""1"",""standard_id"":""39"",""student_id"":""97382"",""stuId"":""96927"",""section_id"":""11"",""grade_id"":""11""}",374614,Assessment,"{""sub_institute_id"":""1"",""standard_id"":""39"",""subject_id"":""3975"",""paper_name"":""11-July-2023 Chapter-2"",""grade_id"":""11"",""assId"":""1680""}","{""seconds"":1779865069,""nanoseconds"":343000000,""tzOffsetSeconds"":0}",20,100,excellent,20,0,20
979535,163551,Student,"{""sub_institute_id"":""1"",""standard_id"":""40"",""student_id"":""97382"",""stuId"":""363817"",""section_id"":""11"",""grade_id"":""11""}",374614,Assessment,"{""sub_institute_id"":""1"",""standard_id"":""39"",""subject_id"":""3975"",""paper_name"":""11-July-2023 Chapter-2"",""grade_id"":""11"",""assId"":""1680""}","{""seconds"":1779865069,""nanoseconds"":343000000,""tzOffsetSeconds"":0}",20,100,excellent,20,0,20
979536,160273,Student,"{""sub_institute_id"":""1"",""standard_id"":""39"",""student_id"":""97382"",""stuId"":""96927"",""section_id"":""11"",""grade_id"":""11""}",374615,Assessment,"{""sub_institute_id"":""1"",""standard_id"":""39"",""subject_id"":""3976"",""paper_name"":""13-July Test by Rajesh"",""grade_id"":""11"",""assId"":""1688""}","{""seconds"":1779865069,""nanoseconds"":343000000,""tzOffsetSeconds"":0}",5,100,excellent,5,0,5
979537,163551,Student,"{""sub_institute_id"":""1"",""standard_id"":""40"",""student_id"":""97382"",""stuId"":""363817"",""section_id"":""11"",""grade_id"":""11""}",374615,Assessment,"{""sub_institute_id"":""1"",""standard_id"":""39"",""subject_id"":""3976"",""paper_name"":""13-July Test by Rajesh"",""grade_id"":""11"",""assId"":""1688""}","{""seconds"":1779865069,""nanoseconds"":343000000,""tzOffsetSeconds"":0}",5,100,excellent,5,0,5
979538,163545,Student,"{""sub_institute_id"":""1"",""standard_id"":""40"",""student_id"":""97926"",""stuId"":""363811"",""section_id"":""9"",""grade_id"":""11""}",374615,Assessment,"{""sub_institute_id"":""1"",""standard_id"":""39"",""subject_id"":""3976"",""paper_name"":""13-July Test by Rajesh"",""grade_id"":""11"",""assId"":""1688""}","{""seconds"":1779865069,""nanoseconds"":343000000,""tzOffsetSeconds"":0}",2,40,weak,5,2,3
979539,160274,Student,"{""sub_institute_id"":""1"",""standard_id"":""39"",""student_id"":""97926"",""stuId"":""101909"",""section_id"":""9"",""grade_id"":""11""}",374615,Assessment,"{""sub_institute_id"":""1"",""standard_id"":""39"",""subject_id"":""3976"",""paper_name"":""13-July Test by Rajesh"",""grade_id"":""11"",""assId"":""1688""}","{""seconds"":1779865069,""nanoseconds"":343000000,""tzOffsetSeconds"":0}",2,40,weak,5,2,3
979540,163551,Student,"{""sub_institute_id"":""1"",""standard_id"":""40"",""student_id"":""97382"",""stuId"":""363817"",""section_id"":""11"",""grade_id"":""11""}",374622,Assessment,"{""sub_institute_id"":""1"",""standard_id"":""39"",""subject_id"":""3976"",""paper_name"":""18-04-2024 to 19-04-2024"",""grade_id"":""11"",""assId"":""3035""}","{""seconds"":1779865069,""nanoseconds"":343000000,""tzOffsetSeconds"":0}",5,100,excellent,5,2,3
979541,160273,Student,"{""sub_institute_id"":""1"",""standard_id"":""39"",""student_id"":""97382"",""stuId"":""96927"",""section_id"":""11"",""grade_id"":""11""}",374622,Assessment,"{""sub_institute_id"":""1"",""standard_id"":""39"",""subject_id"":""3976"",""paper_name"":""18-04-2024 to 19-04-2024"",""grade_id"":""11"",""assId"":""3035""}","{""seconds"":1779865069,""nanoseconds"":343000000,""tzOffsetSeconds"":0}",5,100,excellent,5,2,3
979542,160326,Student,"{""sub_institute_id"":""1"",""standard_id"":""42"",""student_id"":""243327"",""stuId"":""323342"",""section_id"":""9"",""grade_id"":""12""}",374669,Assessment,"{""sub_institute_id"":""1"",""standard_id"":""42"",""subject_id"":""3975"",""paper_name"":""Testing"",""grade_id"":""12"",""assId"":""4595""}","{""seconds"":1779865069,""nanoseconds"":343000000,""tzOffsetSeconds"":0}",5,100,excellent,5,1,4
979543,160273,Student,"{""sub_institute_id"":""1"",""standard_id"":""39"",""student_id"":""97382"",""stuId"":""96927"",""section_id"":""11"",""grade_id"":""11""}",374696,Assessment,"{""sub_institute_id"":""1"",""subject_id"":""4064"",""standard_id"":""39"",""paper_name"":""PAL - Locating Places on the Earth - 20-04-2026"",""grade_id"":""11"",""assId"":""5602""}","{""seconds"":1779865069,""nanoseconds"":343000000,""tzOffsetSeconds"":0}",0,0,weak,1,0,1
979544,163551,Student,"{""sub_institute_id"":""1"",""standard_id"":""40"",""student_id"":""97382"",""stuId"":""363817"",""section_id"":""11"",""grade_id"":""11""}",374696,Assessment,"{""sub_institute_id"":""1"",""subject_id"":""4064"",""standard_id"":""39"",""paper_name"":""PAL - Locating Places on the Earth - 20-04-2026"",""grade_id"":""11"",""assId"":""5602""}","{""seconds"":1779865069,""nanoseconds"":343000000,""tzOffsetSeconds"":0}",0,0,weak,1,0,1
979545,160324,Student,"{""sub_institute_id"":""1"",""standard_id"":""39"",""student_id"":""190488"",""stuId"":""235715"",""section_id"":""11"",""grade_id"":""11""}",374697,Assessment,"{""sub_institute_id"":""1"",""subject_id"":""3975"",""standard_id"":""39"",""paper_name"":""PAL - The Wonderful World of Science - 20-04-2026"",""grade_id"":""11"",""assId"":""5603""}","{""seconds"":1779865069,""nanoseconds"":343000000,""tzOffsetSeconds"":0}",2,20,weak,10,2,8
979546,163548,Student,"{""sub_institute_id"":""1"",""standard_id"":""39"",""student_id"":""190488"",""stuId"":""363814"",""section_id"":""11"",""grade_id"":""11""}",374697,Assessment,"{""sub_institute_id"":""1"",""subject_id"":""3975"",""standard_id"":""39"",""paper_name"":""PAL - The Wonderful World of Science - 20-04-2026"",""grade_id"":""11"",""assId"":""5603""}","{""seconds"":1779865069,""nanoseconds"":343000000,""tzOffsetSeconds"":0}",2,20,weak,10,2,8
979547,163551,Student,"{""sub_institute_id"":""1"",""standard_id"":""40"",""student_id"":""97382"",""stuId"":""363817"",""section_id"":""11"",""grade_id"":""11""}",374698,Assessment,"{""sub_institute_id"":""1"",""subject_id"":""4064"",""standard_id"":""39"",""paper_name"":""PAL - Locating Places on the Earth - 20-04-2026"",""grade_id"":""11"",""assId"":""5604""}","{""seconds"":1779865069,""nanoseconds"":343000000,""tzOffsetSeconds"":0}",0,0,weak,1,0,1
979548,160273,Student,"{""sub_institute_id"":""1"",""standard_id"":""39"",""student_id"":""97382"",""stuId"":""96927"",""section_id"":""11"",""grade_id"":""11""}",374698,Assessment,"{""sub_institute_id"":""1"",""subject_id"":""4064"",""standard_id"":""39"",""paper_name"":""PAL - Locating Places on the Earth - 20-04-2026"",""grade_id"":""11"",""assId"":""5604""}","{""seconds"":1779865069,""nanoseconds"":343000000,""tzOffsetSeconds"":0}",0,0,weak,1,0,1
979549,163551,Student,"{""sub_institute_id"":""1"",""standard_id"":""40"",""student_id"":""97382"",""stuId"":""363817"",""section_id"":""11"",""grade_id"":""11""}",374699,Assessment,"{""sub_institute_id"":""1"",""subject_id"":""4064"",""standard_id"":""39"",""paper_name"":""PAL - Locating Places on the Earth - 20-04-2026"",""grade_id"":""11"",""assId"":""5605""}","{""seconds"":1779865069,""nanoseconds"":343000000,""tzOffsetSeconds"":0}",0,0,weak,1,0,1
979550,160273,Student,"{""sub_institute_id"":""1"",""standard_id"":""39"",""student_id"":""97382"",""stuId"":""96927"",""section_id"":""11"",""grade_id"":""11""}",374699,Assessment,"{""sub_institute_id"":""1"",""subject_id"":""4064"",""standard_id"":""39"",""paper_name"":""PAL - Locating Places on the Earth - 20-04-2026"",""grade_id"":""11"",""assId"":""5605""}","{""seconds"":1779865069,""nanoseconds"":343000000,""tzOffsetSeconds"":0}",0,0,weak,1,0,1
979551,163551,Student,"{""sub_institute_id"":""1"",""standard_id"":""40"",""student_id"":""97382"",""stuId"":""363817"",""section_id"":""11"",""grade_id"":""11""}",374700,Assessment,"{""sub_institute_id"":""1"",""subject_id"":""4064"",""standard_id"":""39"",""paper_name"":""PAL - Locating Places on the Earth - 20-04-2026"",""grade_id"":""11"",""assId"":""5606""}","{""seconds"":1779865069,""nanoseconds"":343000000,""tzOffsetSeconds"":0}",1,100,excellent,1,1,0
979552,160273,Student,"{""sub_institute_id"":""1"",""standard_id"":""39"",""student_id"":""97382"",""stuId"":""96927"",""section_id"":""11"",""grade_id"":""11""}",374700,Assessment,"{""sub_institute_id"":""1"",""subject_id"":""4064"",""standard_id"":""39"",""paper_name"":""PAL - Locating Places on the Earth - 20-04-2026"",""grade_id"":""11"",""assId"":""5606""}","{""seconds"":1779865069,""nanoseconds"":343000000,""tzOffsetSeconds"":0}",1,100,excellent,1,1,0
979553,163548,Student,"{""sub_institute_id"":""1"",""standard_id"":""39"",""student_id"":""190488"",""stuId"":""363814"",""section_id"":""11"",""grade_id"":""11""}",374701,Assessment,"{""sub_institute_id"":""1"",""subject_id"":""3975"",""standard_id"":""39"",""paper_name"":""PAL - The Wonderful World of Science - 21-04-2026"",""grade_id"":""11"",""assId"":""5607""}","{""seconds"":1779865069,""nanoseconds"":343000000,""tzOffsetSeconds"":0}",0,0,weak,4,0,4
979554,160324,Student,"{""sub_institute_id"":""1"",""standard_id"":""39"",""student_id"":""190488"",""stuId"":""235715"",""section_id"":""11"",""grade_id"":""11""}",374701,Assessment,"{""sub_institute_id"":""1"",""subject_id"":""3975"",""standard_id"":""39"",""paper_name"":""PAL - The Wonderful World of Science - 21-04-2026"",""grade_id"":""11"",""assId"":""5607""}","{""seconds"":1779865069,""nanoseconds"":343000000,""tzOffsetSeconds"":0}",0,0,weak,4,0,4
979555,372048,Student,"{""sub_institute_id"":""1"",""standard_id"":""40"",""student_id"":""100239"",""stuId"":""100239"",""section_id"":""11"",""grade_id"":""11""}",374704,Assessment,"{""sub_institute_id"":""1"",""subject_id"":""3975"",""standard_id"":""40"",""paper_name"":""PAL Test"",""grade_id"":""11"",""assId"":""5657""}","{""seconds"":1779865273,""nanoseconds"":328000000,""tzOffsetSeconds"":0}",1,12.5,weak,8,1,7
979556,163553,Student,"{""sub_institute_id"":""1"",""standard_id"":""40"",""student_id"":""100239"",""stuId"":""363819"",""section_id"":""11"",""grade_id"":""11""}",374704,Assessment,"{""sub_institute_id"":""1"",""subject_id"":""3975"",""standard_id"":""40"",""paper_name"":""PAL Test"",""grade_id"":""11"",""assId"":""5657""}","{""seconds"":1779865273,""nanoseconds"":328000000,""tzOffsetSeconds"":0}",1,12.5,weak,8,1,7
979557,160289,Student,"{""sub_institute_id"":""1"",""standard_id"":""39"",""student_id"":""100239"",""stuId"":""105072"",""section_id"":""11"",""grade_id"":""11""}",374704,Assessment,"{""sub_institute_id"":""1"",""subject_id"":""3975"",""standard_id"":""40"",""paper_name"":""PAL Test"",""grade_id"":""11"",""assId"":""5657""}","{""seconds"":1779865273,""nanoseconds"":328000000,""tzOffsetSeconds"":0}",1,12.5,weak,8,1,7
979558,372048,Student,"{""sub_institute_id"":""1"",""standard_id"":""40"",""student_id"":""100239"",""stuId"":""100239"",""section_id"":""11"",""grade_id"":""11""}",374705,Assessment,"{""sub_institute_id"":""1"",""subject_id"":""3975"",""standard_id"":""40"",""paper_name"":""PAL Test"",""grade_id"":""11"",""assId"":""5658""}","{""seconds"":1779865273,""nanoseconds"":328000000,""tzOffsetSeconds"":0}",0,0,weak,4,0,3
979559,160289,Student,"{""sub_institute_id"":""1"",""standard_id"":""39"",""student_id"":""100239"",""stuId"":""105072"",""section_id"":""11"",""grade_id"":""11""}",374705,Assessment,"{""sub_institute_id"":""1"",""subject_id"":""3975"",""standard_id"":""40"",""paper_name"":""PAL Test"",""grade_id"":""11"",""assId"":""5658""}","{""seconds"":1779865273,""nanoseconds"":328000000,""tzOffsetSeconds"":0}",0,0,weak,4,0,3
979560,163553,Student,"{""sub_institute_id"":""1"",""standard_id"":""40"",""student_id"":""100239"",""stuId"":""363819"",""section_id"":""11"",""grade_id"":""11""}",374705,Assessment,"{""sub_institute_id"":""1"",""subject_id"":""3975"",""standard_id"":""40"",""paper_name"":""PAL Test"",""grade_id"":""11"",""assId"":""5658""}","{""seconds"":1779865273,""nanoseconds"":328000000,""tzOffsetSeconds"":0}",0,0,weak,4,0,3
979561,372048,Student,"{""sub_institute_id"":""1"",""standard_id"":""40"",""student_id"":""100239"",""stuId"":""100239"",""section_id"":""11"",""grade_id"":""11""}",374707,Assessment,"{""sub_institute_id"":""1"",""subject_id"":""3975"",""standard_id"":""40"",""paper_name"":""PAL Test"",""grade_id"":""11"",""assId"":""5660""}","{""seconds"":1779865273,""nanoseconds"":328000000,""tzOffsetSeconds"":0}",0,0,weak,4,0,4
979562,160289,Student,"{""sub_institute_id"":""1"",""standard_id"":""39"",""student_id"":""100239"",""stuId"":""105072"",""section_id"":""11"",""grade_id"":""11""}",374707,Assessment,"{""sub_institute_id"":""1"",""subject_id"":""3975"",""standard_id"":""40"",""paper_name"":""PAL Test"",""grade_id"":""11"",""assId"":""5660""}","{""seconds"":1779865273,""nanoseconds"":328000000,""tzOffsetSeconds"":0}",0,0,weak,4,0,4
979563,163553,Student,"{""sub_institute_id"":""1"",""standard_id"":""40"",""student_id"":""100239"",""stuId"":""363819"",""section_id"":""11"",""grade_id"":""11""}",374707,Assessment,"{""sub_institute_id"":""1"",""subject_id"":""3975"",""standard_id"":""40"",""paper_name"":""PAL Test"",""grade_id"":""11"",""assId"":""5660""}","{""seconds"":1779865273,""nanoseconds"":328000000,""tzOffsetSeconds"":0}",0,0,weak,4,0,4
979564,160289,Student,"{""sub_institute_id"":""1"",""standard_id"":""39"",""student_id"":""100239"",""stuId"":""105072"",""section_id"":""11"",""grade_id"":""11""}",374708,Assessment,"{""sub_institute_id"":""1"",""concept_id"":""3"",""subject_id"":""3975"",""standard_id"":""40"",""paper_name"":""PAL Test"",""grade_id"":""11"",""assId"":""5661""}","{""seconds"":1779865273,""nanoseconds"":328000000,""tzOffsetSeconds"":0}",1,25,weak,4,1,3
979565,163553,Student,"{""sub_institute_id"":""1"",""standard_id"":""40"",""student_id"":""100239"",""stuId"":""363819"",""section_id"":""11"",""grade_id"":""11""}",374708,Assessment,"{""sub_institute_id"":""1"",""concept_id"":""3"",""subject_id"":""3975"",""standard_id"":""40"",""paper_name"":""PAL Test"",""grade_id"":""11"",""assId"":""5661""}","{""seconds"":1779865273,""nanoseconds"":328000000,""tzOffsetSeconds"":0}",1,25,weak,4,1,3
979566,372048,Student,"{""sub_institute_id"":""1"",""standard_id"":""40"",""student_id"":""100239"",""stuId"":""100239"",""section_id"":""11"",""grade_id"":""11""}",374708,Assessment,"{""sub_institute_id"":""1"",""concept_id"":""3"",""subject_id"":""3975"",""standard_id"":""40"",""paper_name"":""PAL Test"",""grade_id"":""11"",""assId"":""5661""}","{""seconds"":1779865273,""nanoseconds"":328000000,""tzOffsetSeconds"":0}",1,25,weak,4,1,3
996578,160289,Student,"{""sub_institute_id"":""1"",""standard_id"":""39"",""student_id"":""100239"",""stuId"":""105072"",""section_id"":""11"",""grade_id"":""11""}",375438,Assessment,"{""standard_id"":""40"",""subject_id"":""3975"",""paper_name"":""test 27-05-2026"",""assId"":""5665"",""sub_institute_id"":""1"",""grade_id"":""11""}","{""seconds"":1779865273,""nanoseconds"":328000000,""tzOffsetSeconds"":0}",2,66.67,average,3,2,1
996579,163553,Student,"{""sub_institute_id"":""1"",""standard_id"":""40"",""student_id"":""100239"",""stuId"":""363819"",""section_id"":""11"",""grade_id"":""11""}",375438,Assessment,"{""standard_id"":""40"",""subject_id"":""3975"",""paper_name"":""test 27-05-2026"",""assId"":""5665"",""sub_institute_id"":""1"",""grade_id"":""11""}","{""seconds"":1779865273,""nanoseconds"":328000000,""tzOffsetSeconds"":0}",2,66.67,average,3,2,1
996580,372048,Student,"{""sub_institute_id"":""1"",""standard_id"":""40"",""student_id"":""100239"",""stuId"":""100239"",""section_id"":""11"",""grade_id"":""11""}",375438,Assessment,"{""standard_id"":""40"",""subject_id"":""3975"",""paper_name"":""test 27-05-2026"",""assId"":""5665"",""sub_institute_id"":""1"",""grade_id"":""11""}","{""seconds"":1779865273,""nanoseconds"":328000000,""tzOffsetSeconds"":0}",2,66.67,average,3,2,1
