"Tittle","Edition","ISBN No","Publisher Name","Publishing Year","Serial Title","Call Number","Language","publishing place","Classification","Notes","Image","File Attach","Author","Subject","Item Start value","Specific Detail Info","Copies","Price","label","Supplier","Subtitle","Keyword","Book review","Standards","Frequency"
"HOW TO STUDY & LEARN: YOUR PRACTICAL GUIDE TO EFFECTIVE STUDY SKILLS",2012,9788171084951,"BETTER YOURSELF BOOKS",2012,,7845,"ENGLISH",,"371.302812/MAR",,,,"MARSHALL PETER","EDUCATION",7845,,0,90,,"PAULINE BOOK & MEDIA CENTRE",,,"GOOD","SOCIAL SCIENCE ",
"BEGIN THE SCHOOL DAY WELL: TIPS FOR SCHOOL ASSEMBLY",2013,9788171083572,"BETTER YOURSELF BOOKS",2013,,7846,"ENGLISH",,"371/LIM",,,,"LIMA & PATRICK D","EDUCATION",7846,,0,150,,"PAULINE BOOK & MEDIA CENTRE",,,"GOOD","SOCIAL SCIENCE ",
"A HANDBOOK FOR SCHOOL ASSEMBLIES: PRAYERS AND INSPIRATIONAL THOUGHTS",,9788171767847,"PAULINE PUBLICATION",,,7847,"ENGLISH",,"371/MIR",,,,"MIRIAM N","EDUCATION",7847,,0,140,,"PAULINE BOOK & MEDIA CENTRE",,,"GOOD","SOCIAL SCIENCE ",
"ASSERTIVE BEHAVIOUR",2009,9788171766819,"PAULINE PUBLICATION",2009,,7848,"ENGLISH",,"158.2/RAJ",,,,"RAJ RITUPORNA","APPLIED PSYCHOLGY",7848,,0,80,,"PAULINE BOOK & MEDIA CENTRE",,,"GOOD","PSYCHOLOGY",
"BEFRIENDING YOUR EMOTIONS",,9788171765737,"PAULINE PUBLICATION",,,7849,"ENGLISH",,"150/GOM",,,,"GOMES JANINA",,7849,,0,90,,"PAULINE BOOK & MEDIA CENTRE",,,"GOOD","PSYCHOLOGY",
"HOW TO SELECT YOUR CAREER",,9788171766147,"PAULINE PUBLICATION",,,7850,"ENGLISH",,"370/DAV",,,,"DAVE UTTAM","EDUCATION",7850,,0,70,,"PAULINE BOOK & MEDIA CENTRE",,,"GOOD","SOCIAL SCIENCE ",
"TEACHER YOU ARE PRECIOUS",2009,9788171766857,"PAULINE PUBLICATION",2009,,7851,"ENGLISH",,"370/ROD",,,,"RODRICKS BERNADETTE","EDUCATION",7851,,0,110,,"PAULINE BOOK & MEDIA CENTRE",,,"GOOD","SOCIAL SCIENCE ",
"THE CREATIVE TEACHERS HANDBOOK",,9788171765928,"PAULINE PUBLICATION",,,7852,"ENGLISH",,"370/AZA",,,,"AZAVEDO NEIL","EDUCATION",7852,,0,85,,"PAULINE BOOK & MEDIA CENTRE",,,"GOOD","SOCIAL SCIENCE ",
"A BOOK OF INDIAN QUOTATIONS: A TREASURY OF WISDOM FROM INDIAN SCRIPTURES AND SAGES",1988,8171080642,"BETTER YOURSELF BOOKS",1988,,7853,"ENGLISH",,"808/QUO",,,,,"QUOTATIONS",7853,,0,45,,"PAULINE BOOK & MEDIA CENTRE",,,"GOOD","LITERATURE",
"A PRACTICAL GUIDE TO GROWING IN CONFIDENCE: BUILDING SELF-ESTEEM",2012,9788171085064,"BETTER YOURSELF BOOKS",2012,,7854,"ENGLISH",,"155/ATK",,,,"ATKINSON SUE",,7854,,0,150,,"PAULINE BOOK & MEDIA CENTRE",,,"GOOD","PSYCHOLOGY",
"8 THINGS NOT TO SAY TO YOUR TEEN",1994,9788171762651,"PAULINE PUBLICATION",1994,,7855,"ENGLISH",,"600/COL",,,,"COLEMAN WILLIAM L","PARENTING",7855,,0,125,,"PAULINE BOOK & MEDIA CENTRE",,,"GOOD","TECHNOLOGY",
"10 BEST GIFTS FOR YOUR TEEN: RAISING TEENS WITH LOVE AND UNDERSTANDING",1999,9788171764761,"PAULINE PUBLICATION",1999,,7856,"ENGLISH",,"600/SAS",,,,,"PARENTING",7856,,0,130,,"PAULINE BOOK & MEDIA CENTRE",,,"GOOD","TECHNOLOGY",
"TO LIVE LONGER CONQUER YOUR ANGER",2014,9788171088423,"BETTER YOURSELF BOOKS",2014,,7857,"ENGLISH",,"150/DEV",,,,"DEVARAJ S ",,7857,,0,160,,"PAULINE BOOK & MEDIA CENTRE",,,"GOOD","PSYCHOLOGY",
"OVERCOMING ANXIETY WORRY AND FEAR:PRACTICE WAYS TO FIND PEACE",2011,9788171767670,"PAULINE PUBLICATION",2011,,7858,"ENGLISH",,"150/JAN",,,,"JANTZ GREGORY L ",,7858,,0,220,,"PAULINE BOOK & MEDIA CENTRE",,,"GOOD","PSYCHOLOGY",
"AIMING AT EXCELLENCE: AIDS TO SCHOOL ASSEMBLIES",2014,9788171088416,"BETTER YOURSELF BOOKS",2014,,7859,"ENGLISH",,"371/KAI",,,,"KAITHOLIL GEORGE","EDUCATION",7859,,0,200,,"PAULINE BOOK & MEDIA CENTRE",,,"GOOD","SOCIAL SCIENCE ",
"CHILDREN GODS GIFT TO HUMANITY",2012,9788171768189,"PAULINE PUBLICATION",2012,,7860,"ENGLISH",,"600/ARN",,,,"ARNOLD JOHANN CHRISTOPH","PARENTING",7860,,0,130,,"PAULINE BOOK & MEDIA CENTRE",,,"GOOD","TECHNOLOGY",
"A PRACTICAL GUIDE FOR DADS: BE THE DAD FRAMING BETTER FAMILIES",1997,9788171767465,"PAULINE PUBLICATION",1997,,7861,"ENGLISH",,"600/KET",,,,"KETTERMAN GRACE","PARENTING",7861,,0,110,,"PAULINE BOOK & MEDIA CENTRE",,,"GOOD","TECHNOLOGY",
"A TO Z TIPS FOR PARENTS",,9788171766390,"PAULINE PUBLICATION",,,7862,"ENGLISH",,"600/ARA",,,,"ARANHA TERESA","PARENTING",7862,,0,85,,"PAULINE BOOK & MEDIA CENTRE",,,"GOOD","TECHNOLOGY",
"EMPOWERING THROUGHTS FOR TEACHERS:POEMS QUOTES & ANECDOTES",,9788171767120,"PAULINE PUBLICATION",,,7863,"ENGLISH",,"371.1/EMP",,,,,"EDUCATION",7863,,0,125,,"PAULINE BOOK & MEDIA CENTRE",,,"GOOD","SOCIAL SCIENCE ",
"100 EDIFYING ANECDOTES",2011,9788171767427,"PAULINE PUBLICATION",2011,,7864,"ENGLISH",,"158.1/FER",,,,"FERNANDEZ BISHOP PERCIVAL",,7864,,0,90,,"PAULINE BOOK & MEDIA CENTRE",,,"GOOD","PSYCHOLOGY",
"TEACHER…A BEACON",,9788171767854,"PAULINE PUBLICATION",,,7865,"ENGLISH",,"370/UKK",,,,"UKKEN CLARE","EDUCATION",7865,,0,80,,"PAULINE BOOK & MEDIA CENTRE",,,"GOOD","SOCIAL SCIENCE ",
"100 CHALLENGING ANECDOTES",2008,9788171766437,"PAULINE PUBLICATION",2008,,7866,"ENGLISH",,"158.1/FER",,,,"FERNANDEZ BISHOP PERCIVAL",,7866,,0,80,,"PAULINE BOOK & MEDIA CENTRE",,,"GOOD","PSYCHOLOGY",
"WHEN TO SPEAK UP & WHEN TO SHUT UP",2003,9788171767908,"PAULINE PUBLICATION",2003,,7867,"ENGLISH",,"158.1/SED",,,,"SEDLER MICHAEL D ",,7867,,0,165,,"PAULINE BOOK & MEDIA CENTRE",,,"GOOD","PSYCHOLOGY",
"PERSONALITY DEVELOPMENT: A WORKBOOK ON ATTITUDINAL TRANSFORMATION",2009,9788171766826,"PAULINE PUBLICATION",2009,,7868,"ENGLISH",,"158.1/RAJ",,,,"RAJ RITUPORNA",,7868,,0,95,,"PAULINE BOOK & MEDIA CENTRE",,,"GOOD","PSYCHOLOGY",
"INSPIRING INSIGHTS: THOUGHTS ANECDOTES & REFLECTIONS",2013,9788171087730,"BETTER YOURSELF BOOKS",2013,,7869,"ENGLISH",,"150/PLA",,,,"PLAVENDRAN & RAJ VICTOR A ",,7869,,0,160,,"PAULINE BOOK & MEDIA CENTRE",,,"GOOD","PSYCHOLOGY",
"MAKING THE MOST OF YOUR CHILDS LEARNING STYLE: EVERY CHILD CAN SUCCEED",1996,8171763626,"PAULINE PUBLICATION",1996,,7870,"ENGLISH",,"370/TOB",,,,"TOBIAS CYNTHIA ULRICH","EDUCATION",7870,,0,135,,"PAULINE BOOK & MEDIA CENTRE",,,"GOOD","SOCIAL SCIENCE ",
"ZAC POWER: MIND GAMES",2010,9788128624094,"EURO BOOKS(SHREE)",2010,,7871,"ENGLISH",,"823/LAR",,,,"LARRY H I ",,7871,,0,150,,"BULSAR BOOK STORE",,,"GOOD","FICTION",
"ZAC POWER: DEEP WATERS",2010,9788128624056,"EURO BOOKS(SHREE)",2010,,7872,"ENGLISH",,"823/LAR",,,,"LARRY H I ",,7872,,0,150,,"BULSAR BOOK STORE",,,"GOOD","FICTION",
"ZAC POWER: NIGHT RAID",2010,9788128624100,"EURO BOOKS(SHREE)",2010,,7873,"ENGLISH",,"823/LAR",,,,"LARRY H I ",,7873,,0,150,,"BULSAR BOOK STORE",,,"GOOD","FICTION",
"ZAC POWER: SUDDEN DROP",2010,9788128624148,"EURO BOOKS(SHREE)",2010,,7874,"ENGLISH",,"823/LAR",,,,"LARRY H I ",,7874,,0,150,,"BULSAR BOOK STORE",,,"GOOD","FICTION",
"ZAC POWER: SKY HIGH",2010,9788128624131,"EURO BOOKS(SHREE)",2010,,7875,"ENGLISH",,"823/LAR",,,,"LARRY H I ",,7875,,0,150,,"BULSAR BOOK STORE",,,"GOOD","FICTION",
"ZAC POWER: TOMB OF DOOM",2010,9788128624155,"EURO BOOKS(SHREE)",2010,,7876,"ENGLISH",,"823/LAR",,,,"LARRY H I ",,7876,,0,150,,"BULSAR BOOK STORE",,,"GOOD","FICTION",
"ZAC POWER: SHOCKWAVE",2010,9788128624124,"EURO BOOKS(SHREE)",2010,,7877,"ENGLISH",,"823/LAR",,,,"LARRY H I ",,7877,,0,150,,"BULSAR BOOK STORE",,,"GOOD","FICTION",
"ZAC POWER: POISON ISLAND",2010,9788128624117,"EURO BOOKS(SHREE)",2010,,7878,"ENGLISH",,"823/LAR",,,,"LARRY H I ",,7878,,0,150,,"BULSAR BOOK STORE",,,"GOOD","FICTION",
"ZAC POWER: VOLCANIC PANIC",2010,9788128624162,"EURO BOOKS(SHREE)",2010,,7879,"ENGLISH",,"823/LAR",,,,"LARRY H I ",,7879,,0,150,,"BULSAR BOOK STORE",,,"GOOD","FICTION",
"ZAC POWER: LUNAR STRIKE",2010,9788128624087,"EURO BOOKS(SHREE)",2010,,7880,"ENGLISH",,"823/LAR",,,,"LARRY H I ",,7880,,0,150,,"BULSAR BOOK STORE",,,"GOOD","FICTION",
"ZAC POWER: FROZEN FEAR",2010,9788128624063,"EURO BOOKS(SHREE)",2010,,7881,"ENGLISH",,"823/LAR",,,,"LARRY H I ",,7881,,0,150,,"BULSAR BOOK STORE",,,"GOOD","FICTION",
"ZAC POWER: BOOT CAMP",2010,9788128624049,"EURO BOOKS(SHREE)",2010,,7882,"ENGLISH",,"823/LAR",,,,"LARRY H I ",,7882,,0,150,,"BULSAR BOOK STORE",,,"GOOD","FICTION",
"ZAC POWER: HIGH RISK",2010,9788128624070,"EURO BOOKS(SHREE)",2010,,7883,"ENGLISH",,"823/LAR",,,,"LARRY H I ",,7883,,0,150,,"BULSAR BOOK STORE",,,"GOOD","FICTION",
"ZAC POWER: BLOCKBUSTER",2010,9788128624032,"EURO BOOKS(SHREE)",2010,,7884,"ENGLISH",,"823/LAR",,,,"LARRY H I ",,7884,,0,150,,"BULSAR BOOK STORE",,,"GOOD","FICTION",
"MICROQUESTS: MIGHTY ANIMAL CELLS",2009,9781580135061,"LEARNER (SHREE)",2009,,7885,"ENGLISH",,"571.6-1/JOH",,,,"JOHNSON REBECCA L",,7885,,0,150,,"BULSAR BOOK STORE",,,"GOOD","SCIENCE",
"MICROQUESTS: AMAZING DNA",2009,9781580135047,"LEARNER (SHREE)",2009,,7886,"ENGLISH",,"572.8-6/JOH",,,,"JOHNSON REBECCA L",,7886,,0,150,,"BULSAR BOOK STORE",,,"GOOD","SCIENCE",
"MICROQUESTS: POWERFUL PLANT CELLS",2009,9781580135078,"LEARNER (SHREE)",2009,,7887,"ENGLISH",,"571.6-2/JOH",,,,"JOHNSON REBECCA L",,7887,,0,150,,"BULSAR BOOK STORE",,,"GOOD","SCIENCE",
"MICROQUESTS: DARLING CELL DEFENDERS",2009,9781580135054,"LEARNER (SHREE)",2009,,7888,"ENGLISH",,"616.-079/JOH",,,,"JOHNSON REBECCA L",,7888,,0,150,,"BULSAR BOOK STORE",,,"GOOD","SCIENCE",
"MICROQUESTS: ULTRA-ORGANISED CELL SYSTEMS",2009,9781580135085,"LEARNER (SHREE)",2009,,7889,"ENGLISH",,"571.6/JOH",,,,"JOHNSON REBECCA L",,7889,,0,150,,"BULSAR BOOK STORE",,,"GOOD","SCIENCE",
"COOL SCIENCE: WIRELESS TECHNOLOGY",2009,9780761343004,"LEARNER (SHREE)",2009,,7890,"ENGLISH",,"621.3-84/FIR",,,,"FIRESTONE MARY",,7890,,0,150,,"BULSAR BOOK STORE",,,"GOOD","TECHNOLOGY",
"COOL SCIENCE:FOOD SCIENCE",2009,9780761342977,"LEARNER (SHREE)",2009,,7891,"ENGLISH",,"641/MIL",,,,"MILLER JEANNE",,7891,,0,150,,"BULSAR BOOK STORE",,,"GOOD","TECHNOLOGY",
"COOL SCIENCE: MATERIALS SCIENCE",2009,9780761342984,"LEARNER (SHREE)",2009,,7892,"ENGLISH",,"620.1-1/WAR",,,,"WARD D J",,7892,,0,150,,"BULSAR BOOK STORE",,,"GOOD","TECHNOLOGY",
"COOL SCIENCE: SPORTS TECHNOLOGY",2009,9780761342991,"LEARNER (SHREE)",2009,,7893,"ENGLISH",,"688.7-6/FRI",,,,"FRIDELL RON",,7893,,0,150,,"BULSAR BOOK STORE",,,"GOOD","TECHNOLOGY",
"COOL SCIENCE: GENETIC ENGINEERING",2008,9781580134286,"LEARNER (SHREE)",2008,,7894,"ENGLISH",,"660.6-5/FRI",,,,"FRIDELL RON",,7894,,0,150,,"BULSAR BOOK STORE",,,"GOOD","TECHNOLOGY",
"COOL SCIENCE: ASTROBIOLOGY",2008,9781580134248,"LEARNER (SHREE)",2008,,7895,"ENGLISH",,"576.8-39/BOR",,,,"BORTZ FRED",,7895,,0,150,,"BULSAR BOOK STORE",,,"GOOD","SCIENCE",
"COOL SCIENCE: BIONICS",2008,9781580134200,"LEARNER (SHREE)",2008,,7896,"ENGLISH",,"617.9/JAN",,,,"JANGO-COHEN JUDITH",,7896,,0,150,,"BULSAR BOOK STORE",,,"GOOD","TECHNOLOGY",
"COOL SCIENCE: CRYOBIOLOGY",2008,9781580134194,"LEARNER (SHREE)",2008,,7897,"ENGLISH",,"571.4-645/WIN",,,,"WINNER CHERIE",,7897,,0,150,,"BULSAR BOOK STORE",,,"GOOD","SCIENCE",
"COOL SCIENCE: CUTTING-EDGE MEDICINE",2008,9781580134255,"LEARNER (SHREE)",2008,,7898,"ENGLISH",,"610.2-8/GOL",,,,"GOLDSMITH CONNIE",,7898,,0,150,,"BULSAR BOOK STORE",,,"GOOD","TECHNOLOGY",
"COOL SCIENCE: EXPLORING MARS",2008,9781580134217,"LEARNER (SHREE)",2008,,7899,"ENGLISH",,"523.4-3/WAR",,,,"WARD D J",,7899,,0,150,,"BULSAR BOOK STORE",,,"GOOD","SCIENCE",
"COOL SCIENCE: FORENSIC SCIENCE",2008,9781580134224,"LEARNER (SHREE)",2008,,7900,"ENGLISH",,"363.2-5/FRI",,,,"FRIDELL RON",,7900,,0,150,,"BULSAR BOOK STORE",,,"GOOD","SOCIAL SCIENCE",
"COOL SCIENCE: SATELLITES",2008,9781580134323,"LEARNER (SHREE)",2008,,7901,"ENGLISH",,"629.4-6/JOH",,,,"JOHNSON REBECCA L",,7901,,0,150,,"BULSAR BOOK STORE",,,"GOOD","TECHNOLOGY",
"COOL SCIENCE: SPY TECHNOLOGY",2008,9781580134231,"LEARNER (SHREE)",2008,,7902,"ENGLISH",,"623.7-1/FRI",,,,"FRIDELL RON",,7902,,0,150,,"BULSAR BOOK STORE",,,"GOOD","TECHNOLOGY",
"COOL SCIENCE: ROBOTICS",2008,9781580134316,"LEARNER (SHREE)",2008,,7903,"ENGLISH",,"629.8-92/DOM",,,,"DOMAINE HELENA",,7903,,0,150,,"BULSAR BOOK STORE",,,"GOOD","TECHNOLOGY",
"COOL SCIENCE: RECYCLING",2008,9781580134279,"LEARNER (SHREE)",2008,,7904,"ENGLISH",,"628.4-458/WIL",,,,"WILCOX CHARLOTTE",,7904,,0,150,,"BULSAR BOOK STORE",,,"GOOD","TECHNOLOGY",
"COOL SCIENCE: MILITARY TECHNOLOGY",2008,9781580134262,"LEARNER (SHREE)",2008,,7905,"ENGLISH",,"623/FRI",,,,"FRIDELL RON",,7905,,0,150,,"BULSAR BOOK STORE",,,"GOOD","TECHNOLOGY",
"COOL SCIENCE: LIFE ON THE EDGE",2008,9781580134293,"LEARNER (SHREE)",2008,,7906,"ENGLISH",,"578.7-58/WIN",,,,"WINNER CHERIE",,7906,,0,150,,"BULSAR BOOK STORE",,,"GOOD","SCIENCE",
"COOL SCIENCE: HANOTECHNOLOGY",2008,9781580134309,"LEARNER (SHREE)",2008,,7907,"ENGLISH",,"620.5/JOH",,,,"JOHNSON REBECCA L",,7907,,0,150,,"BULSAR BOOK STORE",,,"GOOD","TECHNOLOGY",
"SADAKO OF HIROSHIMA",2011,9789350360842,"RATNA SAGAR",2011,,7908,"ENGLISH",,"823/JAF",,,,"JAFA MANORAMA",,7908,,0,49.9,,"BULSAR BOOK STORE",,,"GOOD","STORY",
"HIROSHIMA KI SADAKO",2011,9789350361023,"RATNA SAGAR",2011,,7909,"ENGLISH",,"891.43301/JAF",,,,"JAFA MANORAMA","HINDI",7909,,0,49.9,,"BULSAR BOOK STORE",,,"GOOD","STORY",
"UNDER THE NEEM TREE",2012,9789350460603,"TULIKA",2012,,7910,"ENGLISH",,"823/ANU",,,,"ANURADHA P ",,7910,,0,135,,"BULSAR BOOK STORE",,,"GOOD","STORY",
"UNDER THE NEEM TREE",2012,9789350460603,"TULIKA",2012,,7911,"ENGLISH",,"823/ANU",,,,"ANURADHA P ",,7911,,0,135,,"BULSAR BOOK STORE",,,"GOOD","STORY",
"IN BON BIBIS FOREST",2011,9788181469250,"TULIKA",2011,,7912,"ENGLISH",,"823/RAO",,,,"RAO SANDHYA",,7912,,0,135,,"BULSAR BOOK STORE",,,"GOOD","STORY",
"IN BON BIBIS FOREST",2011,9788181469250,"TULIKA",2011,,7913,"ENGLISH",,"823/RAO",,,,"RAO SANDHYA",,7913,,0,135,,"BULSAR BOOK STORE",,,"GOOD","STORY",
"KALI AUR DHAMIN SAAP",2012,9788186895450,"TULIKA",2012,,7914,"ENGLISH",,"891.43301/VET",,,,"VETEKAR JAIE","HINDI",7914,,0,100,,"BULSAR BOOK STORE",,,"GOOD","STORY",
"KALI AUR DHAMIN SAAP",2012,9788186895450,"TULIKA",2012,,7915,"ENGLISH",,"891.43301/VET",,,,"VETEKAR JAIE","HINDI",7915,,0,100,,"BULSAR BOOK STORE",,,"GOOD","STORY",
"RASHTA CHODHO! RASHTA CHODHO!",2010,9788181467935,"TULIKA",2010,,7916,"ENGLISH",,"891.43301/KRI",,,,"KRISHNSWAMI UMA","HINDI",7916,,0,100,,"BULSAR BOOK STORE",,,"GOOD","STORY",
"RASHTA CHODHO! RASHTA CHODHO!",2010,9788181467935,"TULIKA",2010,,7917,"ENGLISH",,"891.43301/KRI",,,,"KRISHNSWAMI UMA","HINDI",7917,,0,100,,"BULSAR BOOK STORE",,,"GOOD","STORY",
"OUT OF THE WAY!OUT OF THE WAY!",2010,9788181467928,"TULIKA",2010,,7918,"ENGLISH",,"823/KRI",,,,"KRISHNSWAMI UMA",,7918,,0,135,,"BULSAR BOOK STORE",,,"GOOD","STORY",
"STONE EGGS: A STORY ABOUT INDIAN DINOSAURS",2011,9788181468451,"TULIKA",2011,,7919,"ENGLISH",,"823/RUN",,,,"RUNDGREN HELEN",,7919,,0,150,,"BULSAR BOOK STORE",,,"GOOD","STORY",
"MINU AND HER HAIR",2013,9789350464458,"TULIKA",2013,,7920,"ENGLISH",,"823/BAS",,,,"BASHI GAYATHRI",,7920,,0,150,,"BULSAR BOOK STORE",,,"GOOD","STORY",
"THE GREAT BIRDWOOD GAMES",2012,9789350461204,"TULIKA",2012,,7921,"ENGLISH",,"823/PAD",,,,"PADAMSEE SHAMIM",,7921,,0,150,,"BULSAR BOOK STORE",,,"GOOD","STORY",
"THE SKY MONKEYS BEARD",2011,9789350460429,"TULIKA",2011,,7922,"ENGLISH",,"823/SUB",,,,"SUBRAMANIAM NIVEDITHA",,7922,,0,150,,"BULSAR BOOK STORE",,,"GOOD","STORY",
"WHY THE SKY IS BLUE: DR. C.V.RAMAN TALKS ABOUT SCIENCE",2010,9788181468468,"TULIKA",2010,,7923,"ENGLISH",,"500/RAM",,,,"RAMAN C V ","SPACE",7923,,0,150,,"BULSAR BOOK STORE",,,"GOOD","SCIENCE",
"THE MOUNTAIN THAT LOVED A BIRD",2011,9788181460769,"TULIKA",2011,,7924,"ENGLISH",,"823/MCL",,,,"MCLERRAN ALICE",,7924,,0,150,,"BULSAR BOOK STORE",,,"GOOD","STORY",
"PAHADH JISSE EK CHIDHIYA SE PYAR HUA",2011,9788181460776,"TULIKA",2011,,7925,"ENGLISH",,"891.43301/MCL",,,,"MCLERRAN ALICE","HINDI",7925,,0,150,,"BULSAR BOOK STORE",,,"GOOD","STORY",
"PICTURE GANDHI",2014,9788181463760,"TULIKA",2014,,7926,"ENGLISH",,"920/RAO",,,,"RAO SANDHYA","FREEDOM FIGHTER",7926,,0,200,,"BULSAR BOOK STORE",,,"GOOD","BIOGRAPHY",
"BRAHMAS BUTTERFLY",2011,9788181464132,"TULIKA",2011,,7927,"ENGLISH",,"823/RAG",,,,"RAGHUNATHAN MEENA",,7927,,0,120,,"BULSAR BOOK STORE",,,"GOOD","STORY",
"NEEL KA REHSYA",2011,9788181469717,"TULIKA",2011,,7928,"ENGLISH",,"891.4330/KAK",,,,"KAKANI MURIEL","HINDI",7928,,0,150,,"BULSAR BOOK STORE",,,"GOOD","STORY",
"THE MYSTERY OF BLUE",2011,9788181469700,"TULIKA",2011,,7929,"ENGLISH",,"823/KAK",,,,"KAKANI MURIEL",,7929,,0,150,,"BULSAR BOOK STORE",,,"GOOD","STORY",
"KAUN KAREGA RAAJ",2008,9788181466044,"TULIKA",2008,,7930,"ENGLISH",,"891.43301/RAG",,,,"RAGHUNATH MEENA","HINDI",7930,,0,125,,"BULSAR BOOK STORE",,,"GOOD","STORY",
"SABRI KE RANG",2009,9788181466556,"TULIKA",2009,,7931,"ENGLISH",,"891.43301/RIN",,,,"RINCHIN","HINDI",7931,,0,135,,"BULSAR BOOK STORE",,,"GOOD","STORY",
"THE MAGIC FEATHER",2011,9789350460948,"TULIKA",2011,,7932,"ENGLISH",,"823/SIN",,,,"SINGH ROMA",,7932,,0,120,,"BULSAR BOOK STORE",,,"GOOD","STORY",
"THE 13TH RIDDLE",2013,9789350463277,"TULIKA",2013,,7933,"ENGLISH",,"823/SOU",,,,"DSOUZA NADINE",,7933,,0,135,,"BULSAR BOOK STORE",,,"GOOD","STORY",
"WHO WILL RULE?",2008,9788181466037,"TULIKA",2008,,7934,"ENGLISH",,"823/RAG",,,,"RAGHUNATHAN MEENA",,7934,,0,125,,"BULSAR BOOK STORE",,,"GOOD","STORY",
"RAINDROPS",2013,9789350463444,"TULIKA",2013,,7935,"ENGLISH",,"823/SHR",,,,"SHROFF VAISHALI",,7935,,0,150,,"BULSAR BOOK STORE",,,"GOOD","STORY",
"SAME & DIFFERENT ",2011,9788181467591,"TULIKA",2011,,7936,"ENGLISH",,"823/PAD",,,,"PADMANABHAN MANJULA",,7936,,0,150,,"BULSAR BOOK STORE",,,"GOOD","STORY",
"FAKRUDDINS FRIDGE",2014,9789350464922,"TULIKA",2014,,7937,"ENGLISH",,"823/THO",,,,"THOMAS MEENU",,7937,,0,120,,"BULSAR BOOK STORE",,,"GOOD","STORY",
"WHERES THAT CAT?",2013,9788181467027,"TULIKA",2013,,7938,"ENGLISH",,"823/PAD",,,,"PADMANABHAN MANJULA",,7938,,0,95,,"BULSAR BOOK STORE",,,"GOOD","STORY",
"HAVE YOU SEEN THIS?KYA TUMNE YEH DEKHA HAI?",2012,9789350461907,"TULIKA",2012,,7939,"ENGLISH",,"823/NAV",,,,"NAVANEETH ARTHI ANAND",,7939,,0,85,,"BULSAR BOOK STORE",,,"GOOD","STORY",
"NEEM TALE",2012,9789350460610,"TULIKA",2012,,7940,"ENGLISH",,"891.43301/ANU ",,,,"ANURADHA P ",,7940,,0,135,,"BULSAR BOOK STORE",,,"GOOD","STORY",
"STITCHING STORIES: THE ART OF EMBROIDERY IN GUJARAT",2011,9788181469618,"TULIKA",2011,,7941,"ENGLISH",,"823/SAB",,,,"SABNANI NINA",,7941,,0,200,,"BULSAR BOOK STORE",,,"GOOD","STORY",
"JUNIOR.KUMBHAKARNA",2013,9789350464724,"TULIKA",2013,,7942,"ENGLISH",,"823/VEN",,,,"VENKATESH ARUNDHATI",,7942,,0,135,,"BULSAR BOOK STORE",,,"GOOD","STORY",
"NORBUS NEW SHOES NORBU KE NAIYE JUTE",2012,9788181461025,"TULIKA",2012,,7943,"ENGLISH",,"823/BHU",,,,"BHUTIA CHEWANG DORJI",,7943,,0,95,,"BULSAR BOOK STORE",,,"GOOD","STORY",
"BULBULIS BAMBOO",2012,9789350461587,"TULIKA",2012,,7944,"ENGLISH",,"823/BOR",,,,"BORDOLOI MITA",,7944,,0,135,,"BULSAR BOOK STORE",,,"GOOD","STORY",
"JADOOE PANKH",2011,9789350460955,"TULIKA",2011,,7945,"ENGLISH",,"891.43301/SIN",,,,"SINGH ROMA","HINDI",7945,,0,120,,"BULSAR BOOK STORE",,,"GOOD","STORY",
"BLACK PANTHER",2011,9788181469885,"TULIKA",2011,,7946,"ENGLISH",,"823/BAL",,,,"BALA ARVIND KRISH",,7946,,0,150,,"BULSAR BOOK STORE",,,"GOOD","STORY",
"MALAS SILVER ANKLETS",2011,9788181469793,"TULIKA",2011,,7947,"ENGLISH",,"823/BES",,,,"BESANT ANNIE",,7947,,0,95,,"BULSAR BOOK STORE",,,"GOOD","STORY",
"MALA KI CHANDANI KI PAYAL",2011,9789350469809,"TULIKA",2011,,7948,"ENGLISH",,"891.43301/BAS",,,,"BESANT ANNIE","HINDI",7948,,0,95,,"BULSAR BOOK STORE",,,"GOOD","STORY",
"POWER CUT!",2010,9788181467836,"TULIKA",2010,,7949,"ENGLISH",,"823/RAJ",,,,"RAJENDRAN SOWMYA",,7949,,0,95,,"BULSAR BOOK STORE",,,"GOOD","STORY",
"MY FRIENDS IN THE CITY SEHAR MAI MERE DOST",2013,9788181462114,"TULIKA",2013,,7950,"ENGLISH",,"823/MIS",,,,"MISHRA SAMINA",,7950,,0,95,,"BULSAR BOOK STORE",,,"GOOD","STORY",
"READ ALOUD STORIES",2012,9789350463536,"TULIKA",2012,,7951,"ENGLISH",,"823/WHI",,,,"WHITAKER ZAI & KRISHNASWAMI UMA & OTHERS",,7951,,0,200,,"BULSAR BOOK STORE",,,"GOOD","STORY",
"THAKITTA THARIKITTA BOUNCING BALL",2012,9788181462619,"TULIKA",2012,,7952,"ENGLISH",,"823/MUT",,,,"MUTTADA JACOB SAMSON",,7952,,0,65,,"BULSAR BOOK STORE",,,"GOOD","STORY",
"IM SO SLEEPY",2012,9788181460332,"TULIKA",2012,,7953,"ENGLISH",,"823/CHA",,,,"CHADHA RADHIKA",,7953,,0,115,,"BULSAR BOOK STORE",,,"GOOD","STORY",
"LITTLE FINGERS",2013,9788181468017,"TULIKA",2013,,7954,"ENGLISH",,"823/DHI",,,,"DHIR SHEILA",,7954,,0,95,,"BULSAR BOOK STORE",,,"GOOD","STORY",
"COME!",2012,9788181462164,"TULIKA",2012,,7955,"ENGLISH",,"823/DAS",,,,"DASTIDAR RESHMI",,7955,,0,95,,"BULSAR BOOK STORE",,,"GOOD","STORY",
"A FOLKTALE FROM BIHAR: A CURLY TALE",2010,9788186895085,"TULIKA",2010,,7956,"ENGLISH",,"823/NAI",,,,"NAIDU VAYU",,7956,,0,75,,"BULSAR BOOK STORE",,,"GOOD","STORY",
"IRA THE LITTLE DOLPHIN",2014,9789350465028,"TULIKA",2014,,7957,"ENGLISH",,"823/DAT",,,,"DATTATRI SHEKAR",,7957,,0,135,,"BULSAR BOOK STORE",,,"GOOD","STORY",
"A FOLKTALE FROM PUNJAB: WRESTLING MANIA",2011,9788186838778,"TULIKA",2011,,7958,"ENGLISH",,"823/RAO",,,,"RAO SANDHYA",,7958,,0,75,,"BULSAR BOOK STORE",,,"GOOD","STORY",
"A FOLKTALE FROM TAMILNADU: MAGIC VESSELS",2012,9788186838297,"TULIKA",2012,,7959,"ENGLISH",,"823/FOL",,,,,,7959,,0,75,,"BULSAR BOOK STORE",,,"GOOD","STORY",
"MALLI",2011,9788181460899,"TULIKA",2011,,7960,"ENGLISH",,"823/RAG",,,,"RAGHUNATH JEEVA",,7960,,0,60,,"BULSAR BOOK STORE",,,"GOOD","STORY",
"WHEN I GROW UP",2013,9789350463567,"TULIKA",2013,,7961,"ENGLISH",,"823/BES",,,,"BESANT ANNIE",,7961,,0,95,,"BULSAR BOOK STORE",,,"GOOD","STORY",
"TEN",2011,9788181460738,"TULIKA",2011,,7962,"ENGLISH",,"823/JAI",,,,"JAIN SHEFALEE",,7962,,0,50,,"BULSAR BOOK STORE",,,"GOOD","STORY",
"BHOOMIS STORY SPACE",2012,9789350462805,"TULIKA",2012,,7963,"ENGLISH",,"823/KAL",,,,"KALRO ANUSHKA & RAY RAJASEE & OTHER",,7963,,0,95,,"BULSAR BOOK STORE",,,"GOOD","STORY",
"TSOMO AND THE MAMO",2013,9789350464274,"TULIKA",2013,,7964,"ENGLISH",,"823/SUB",,,,"SUBRAMANIAM NIVEDITHA",,7964,,0,95,,"BULSAR BOOK STORE",,,"GOOD","STORY",
"PANCHATANTRA: FOUR FRIENDS CHAR DOST",2010,9788181468901,"TULIKA",2010,,7965,"ENGLISH",,"823/PAN",,,,,,7965,,0,85,,"BULSAR BOOK STORE",,,"GOOD","STORY",
"MY FRIENDS  THE SEA",2006,9788181460851,"TULIKA",2006,,7966,"ENGLISH",,"823/RAO",,,,"RAO SANDHYA",,7966,,0,120,,"BULSAR BOOK STORE",,,"GOOD","STORY",
"KOLABA",2012,9788186895948,"TULIKA",2012,,7967,"ENGLISH",,"823/KOL",,,,,,7967,,0,95,,"BULSAR BOOK STORE",,,"GOOD","STORY",
"YES HUTOXI!",2012,9788181467690,"TULIKA",2012,,7968,"ENGLISH",,"823/CHA",,,,"CHADHA RADHIKA",,7968,,0,115,,"BULSAR BOOK STORE",,,"GOOD","STORY",
"HELP!HELP! BACHAOO!BACHAOO!",2012,9788181462411,"TULIKA",2012,,7969,"ENGLISH",,"823/HEL",,,,,,7969,,0,75,,"BULSAR BOOK STORE",,,"GOOD","STORY",
"GITTIS STORY EARTH",2012,9789350462898,"TULIKA",2012,,7970,"ENGLISH",,"823/KAL",,,,"KALRO ANUSHKA RAY RAJASEE & OTHER",,7970,,0,95,,"BULSAR BOOK STORE",,,"GOOD","STORY",
"BEEJIS STORY EARTHS SURFACE",2012,9789350462980,"TULIKA",2012,,7971,"ENGLISH",,"823/KAL",,,,"KALRO ANUSHKA RAY RAJASEE & OTHER",,7971,,0,95,,"BULSAR BOOK STORE",,,"GOOD","STORY",
"BOONDIS STORY WATER",2012,9789350462621,"TULIKA",2012,,7972,"ENGLISH",,"823/KAL",,,,"KALRO ANUSHKA RAY RAJASEE & OTHER",,7972,,0,95,,"BULSAR BOOK STORE",,,"GOOD","STORY",
"LINE AND CIRCLE LAKIR AUR GOLA",2013,9788185229218,"TULIKA",2013,,7973,"ENGLISH",,"823/MEN",,,,"MENON RADHIKA",,7973,,0,95,,"BULSAR BOOK STORE",,,"GOOD","STORY",
"SORRY BEST FRIEND!",2013,9788186895009,"TULIKA",2013,,7974,"ENGLISH",,"823/WHI",,,,"WHITAKER ZAI SENGUPTA POILE & OTHERS",,7974,,0,85,,"BULSAR BOOK STORE",,,"GOOD","STORY",
"THE SEED BEEJ",2013,9788181461100,"TULIKA",2013,,7975,"ENGLISH",,"823/BAL",,,,"BALSAVAR DEEPA",,7975,,0,95,,"BULSAR BOOK STORE",,,"GOOD","STORY",
"PANCHATANTRA: THE LION AND THE FOX",2013,9788181468987,"TULIKA",2013,,7976,"ENGLISH",,"823/LIO",,,,,,7976,,0,85,,"BULSAR BOOK STORE",,,"GOOD","STORY",
"PANCHATANTRA: THE MUSICAL DONKEY SURILA GADHA",2014,9788181468581,"TULIKA",2014,,7977,"ENGLISH",,"823/MUS",,,,,,7977,,0,85,,"BULSAR BOOK STORE",,,"GOOD","STORY",
"MALU BHALU",2012,9788186896013,"TULIKA",2012,,7978,"ENGLISH",,"823/BHA",,,,"BHASIN KAMLA",,7978,,0,80,,"BULSAR BOOK STORE",,,"GOOD","STORY",
"MUKAND AND RIAZ",2014,9788181463432,"TULIKA",2014,,7979,"ENGLISH",,"823/SAB",,,,"SABNANI NINA",,7979,,0,135,,"BULSAR BOOK STORE",,,"GOOD","STORY",
"EK DIN PRIYA KA PRIYAS DAY",2011,9788186895290,"TULIKA",2011,,7980,"ENGLISH",,"823/SPA",,,,"SPAGNOLI CATHY",,7980,,0,115,,"BULSAR BOOK STORE",,,"GOOD","STORY",
"MALLIPOO WHERE ARE YOU?",2013,9788181466242,"TULIKA",2013,,7981,"ENGLISH",,"823/CHA",,,,"CHADHA RADHIKA",,7981,,0,115,,"BULSAR BOOK STORE",,,"GOOD","STORY",
"A FOLK TALES FROM GUJARAT: ALL FREE",2010,9788186838716,"TULIKA",2010,,7982,"ENGLISH",,"823/PAN",,,,"PANDYA MAMATA",,7982,,0,75,,"BULSAR BOOK STORE",,,"GOOD","STORY",
"PRANAVS PICTURE",2012,9788181461483,"TULIKA",2012,,7983,"ENGLISH",,"823/NAY",,,,"NAYAR NANDINI",,7983,,0,95,,"BULSAR BOOK STORE",,,"GOOD","STORY",
"SNORING SHANMUGAM",2012,9788181461902,"TULIKA",2012,,7984,"ENGLISH",,"823/CHA",,,,"CHADHA RADHIKA",,7984,,0,115,,"BULSAR BOOK STORE",,,"GOOD","STORY",
"JHAKKAD",2007,9788181463814,"TULIKA",2007,,7985,"ENGLISH",,"823/ALA",,,,"ALAM AMRA",,7985,,0,70,,"BULSAR BOOK STORE",,,"GOOD","STORY",
"PURPLE JOJO BENGANI JOJO",2011,9789350460085,"TULIKA",2011,,7986,"ENGLISH",,"823/QUR",,,,"QURESHI SAMEERA ZIA",,7986,,0,75,,"BULSAR BOOK STORE",,,"GOOD","STORY",
"THE SPIDERS WEB",2009,9788181466419,"TULIKA",2009,,7987,"ENGLISH",,"823/MAN",,,,"MANI LATA",,7987,,0,100,,"BULSAR BOOK STORE",,,"GOOD","STORY",
"BABY BEBOO BEAR",2008,9788181464804,"TULIKA",2008,,7988,"ENGLISH",,"823/BAL",,,,"BALSAVAR DEEPA",,7988,,0,100,,"BULSAR BOOK STORE",,,"GOOD","STORY",
"DHOOLIS STORY AIR",2012,9789350462713,"TULIKA",2012,,7989,"ENGLISH",,"823/KAL",,,,"KALRO ANUSHKA RAY RAJASEE & OTHER",,7989,,0,95,,"BULSAR BOOK STORE",,,"GOOD","STORY",
"CARRY ME MAMA! MUJHE UHAOO MAI!",2014,9789350465295,"TULIKA",2014,,7990,"ENGLISH",,"823/PAD",,,,"PADAMSEE SHAMIM",,7990,,0,95,,"BULSAR BOOK STORE",,,"GOOD","STORY",
"PANCHATANTRA: THE TALKATIVE TORTOISE BATUNI KACHUA",2013,9788181468666,"TULIKA",2013,,7991,"ENGLISH",,"823/TAL",,,,,,7991,,0,85,,"BULSAR BOOK STORE",,,"GOOD","STORY",
"DANCING BEES: THE MAS MAD WORLD OF CREEPY CRAWLIES",2012,9788181461568,"TULIKA",2012,,7992,"ENGLISH",,"823/LAL",,,,"LAL RANJIT",,7992,,0,75,,"BULSAR BOOK STORE",,,"GOOD","STORY",
"JAGADISH AND THE TALKING PLANT:PIONEERING SCIENTIST J.C.BOSE",2013,9788181463550,"TULIKA",2013,,7993,"ENGLISH",,"500/SHO",,,,"SHOME SWATI",,7993,,0,200,,"BULSAR BOOK STORE",,,"GOOD","STORY",
"MIAOW!MIAOW!",2011,9789350460009,"TULIKA",2011,,7994,"ENGLISH",,"823/JAI",,,,"JAIN ALANKRITA",,7994,,0,95,,"BULSAR BOOK STORE",,,"GOOD","STORY",
"CLICK!CLICK!",2011,9789350461129,"TULIKA",2011,,7995,"ENGLISH",,"500/SUB",,,,"SUBRAMANIAM NIVEDITHA",,7995,,0,85,,"BULSAR BOOK STORE",,,"GOOD","STORY",
"AMMAS TALES PRESENTS TALES OF HOW & WHY VOLUME I",2011,9788190922906,"TULIKA",2011,,7996,"ENGLISH",,"823/VAI",,,,"VAIDYANATHAN HEMA",,7996,,0,95,,"BULSAR BOOK STORE",,,"GOOD","STORY",
"AMMAS TALES PRESENTS TALES OF HOW & WHY VOLUME II",2011,9788190922937,"TULIKA",2011,,7997,"ENGLISH",,"823/VAI",,,,"VAIDYANATHAN HEMA",,7997,,0,95,,"BULSAR BOOK STORE",,,"GOOD","STORY",
"AMMAS TALES PRESENTS TALES OF HOW & WHY VOLUME III",2011,9788190922920,"TULIKA",2011,,7998,"ENGLISH",,"823/VAI",,,,"VAIDYANATHAN HEMA",,7998,,0,95,,"BULSAR BOOK STORE",,,"GOOD","STORY",
"AMMAS TALES PRESENTS TALES OF HOW & WHY VOLUME IV",2011,9788190922951,"TULIKA",2011,,7999,"ENGLISH",,"823/VAI",,,,"VAIDYANATHAN HEMA",,7999,,0,95,,"BULSAR BOOK STORE",,,"GOOD","STORY",
"AMMAS TALES PRESENTS : TAIL TALES  VOLUME I",2011,9788190922913,"TULIKA",2011,,8000,"ENGLISH",,"823/VAI",,,,"VAIDYANATHAN HEMA",,8000,,0,95,,"BULSAR BOOK STORE",,,"GOOD","STORY",
"AMMAS TALES PRESENTS : TAIL TALES  VOLUME II",2011,9788190922944,"TULIKA",2011,,8001,"ENGLISH",,"823/VAI",,,,"VAIDYANATHAN HEMA",,8001,,0,95,,"BULSAR BOOK STORE",,,"GOOD","STORY",
"TINKLE DIGEST NO. 128",2009,"NOT GIVEN","AMAR CHITRA KATHA",2009,,8002,"ENGLISH",,"823/TIN",,,,,,8002,,0,40,,"MARSHAL DISTRIBUTORS",,,"GOOD","STORY",
"TINKLE DIGEST NO. 139",2009,"NOT GIVEN","AMAR CHITRA KATHA",2009,,8003,"ENGLISH",,"823/TIN",,,,,,8003,,0,40,,"MARSHAL DISTRIBUTORS",,,"GOOD","STORY",
"TINKLE DIGEST NO. 140",2009,"NOT GIVEN","AMAR CHITRA KATHA",2009,,8004,"ENGLISH",,"823/TIN",,,,,,8004,,0,40,,"MARSHAL DISTRIBUTORS",,,"GOOD","STORY",
"TINKLE DIGEST NO. 244",2012,9788184827507,"AMAR CHITRA KATHA",2012,,8005,"ENGLISH",,"823/TIN",,,,,,8005,,0,50,,"MARSHAL DISTRIBUTORS",,,"GOOD","STORY",
"TINKLE DIGEST NO. 30",2012,"NOT GIVEN","AMAR CHITRA KATHA",2012,,8006,"ENGLISH",,"823/TIN",,,,,,8006,,0,50,,"MARSHAL DISTRIBUTORS",,,"GOOD","STORY",
"TINKLE DIGEST NO. 31",2012,"NOT GIVEN","AMAR CHITRA KATHA",2012,,8007,"ENGLISH",,"823/TIN",,,,,,8007,,0,50,,"MARSHAL DISTRIBUTORS",,,"GOOD","STORY",
"TINKLE DIGEST NO. 50",2012,"NOT GIVEN","AMAR CHITRA KATHA",2012,,8008,"ENGLISH",,"823/TIN",,,,,,8008,,0,50,,"MARSHAL DISTRIBUTORS",,,"GOOD","STORY",
"TINKLE DIGEST NO. 55",2012,"NOT GIVEN","AMAR CHITRA KATHA",2012,,8009,"ENGLISH",,"823/TIN",,,,,,8009,,0,50,,"MARSHAL DISTRIBUTORS",,,"GOOD","STORY",
"TINKLE DIGEST NO. 61",2012,"NOT GIVEN","AMAR CHITRA KATHA",2012,,8010,"ENGLISH",,"823/TIN",,,,,,8010,,0,50,,"MARSHAL DISTRIBUTORS",,,"GOOD","STORY",
"TINKLE DIGEST NO. 62",2012,"NOT GIVEN","AMAR CHITRA KATHA",2012,,8011,"ENGLISH",,"823/TIN",,,,,,8011,,0,50,,"MARSHAL DISTRIBUTORS",,,"GOOD","STORY",
"TINKLE DIGEST NO. 63",2012,"NOT GIVEN","AMAR CHITRA KATHA",2012,,8012,"ENGLISH",,"823/TIN",,,,,,8012,,0,50,,"MARSHAL DISTRIBUTORS",,,"GOOD","STORY",
"TINKLE DIGEST NO. 64",2012,"NOT GIVEN","AMAR CHITRA KATHA",2012,,8013,"ENGLISH",,"823/TIN",,,,,,8013,,0,50,,"MARSHAL DISTRIBUTORS",,,"GOOD","STORY",
"TINKLE DIGEST NO. 67",2011,"NOT GIVEN","AMAR CHITRA KATHA",2011,,8014,"ENGLISH",,"823/TIN",,,,,,8014,,0,50,,"MARSHAL DISTRIBUTORS",,,"GOOD","STORY",
"TINKLE DIGEST NO. 68",2012,9788184828290,"AMAR CHITRA KATHA",2012,,8015,"ENGLISH",,"823/TIN",,,,,,8015,,0,50,,"MARSHAL DISTRIBUTORS",,,"GOOD","STORY",
"TINKLE DIGEST NO. 69",2011,"NOT GIVEN","AMAR CHITRA KATHA",2011,,8016,"ENGLISH",,"823/TIN",,,,,,8016,,0,50,,"MARSHAL DISTRIBUTORS",,,"GOOD","STORY",
"TINKLE DIGEST NO. 70",2012,"NOT GIVEN","AMAR CHITRA KATHA",2012,,8017,"ENGLISH",,"823/TIN",,,,,,8017,,0,50,,"MARSHAL DISTRIBUTORS",,,"GOOD","STORY",
"TINKLE DIGEST NO. 71",2012,"NOT GIVEN","AMAR CHITRA KATHA",2012,,8018,"ENGLISH",,"823/TIN",,,,,,8018,,0,50,,"MARSHAL DISTRIBUTORS",,,"GOOD","STORY",
"TINKLE DIGEST NO. 72",2012,"NOT GIVEN","AMAR CHITRA KATHA",2012,,8019,"ENGLISH",,"823/TIN",,,,,,8019,,0,50,,"MARSHAL DISTRIBUTORS",,,"GOOD","STORY",
"TINKLE DIGEST NO. 73",2012,"NOT GIVEN","AMAR CHITRA KATHA",2012,,8020,"ENGLISH",,"823/TIN",,,,,,8020,,0,50,,"MARSHAL DISTRIBUTORS",,,"GOOD","STORY",
"TINKLE DIGEST NO. 74",2012,"NOT GIVEN","AMAR CHITRA KATHA",2012,,8021,"ENGLISH",,"823/TIN",,,,,,8021,,0,50,,"MARSHAL DISTRIBUTORS",,,"GOOD","STORY",
"TINKLE DIGEST NO. 75",2012,"NOT GIVEN","AMAR CHITRA KATHA",2012,,8022,"ENGLISH",,"823/TIN",,,,,,8022,,0,50,,"MARSHAL DISTRIBUTORS",,,"GOOD","STORY",
"TINKLE DIGEST NO. 84",2011,"NOT GIVEN","AMAR CHITRA KATHA",2011,,8023,"ENGLISH",,"823/TIN",,,,,,8023,,0,50,,"MARSHAL DISTRIBUTORS",,,"GOOD","STORY",
"TINKLE DIGEST NO. 95",2012,"NOT GIVEN","AMAR CHITRA KATHA",2012,,8024,"ENGLISH",,"823/TIN",,,,,,8024,,0,50,,"MARSHAL DISTRIBUTORS",,,"GOOD","STORY",
"TINKLE DIGEST NO. 96",2011,"NOT GIVEN","AMAR CHITRA KATHA",2011,,8025,"ENGLISH",,"823/TIN",,,,,,8025,,0,50,,"MARSHAL DISTRIBUTORS",,,"GOOD","STORY",
"TINKLE DIGEST NO. 111",2012,"NOT GIVEN","AMAR CHITRA KATHA",2012,,8026,"ENGLISH",,"823/TIN",,,,,,8026,,0,50,,"MARSHAL DISTRIBUTORS",,,"GOOD","STORY",
"TINKLE DIGEST NO. 126",2011,"NOT GIVEN","AMAR CHITRA KATHA",2011,,8027,"ENGLISH",,"823/TIN",,,,,,8027,,0,50,,"MARSHAL DISTRIBUTORS",,,"GOOD","STORY",
"TINKLE DIGEST NO. 129",2011,"NOT GIVEN","AMAR CHITRA KATHA",2011,,8028,"ENGLISH",,"823/TIN",,,,,,8028,,0,50,,"MARSHAL DISTRIBUTORS",,,"GOOD","STORY",
"TINKLE DIGEST NO. 130",2011,"NOT GIVEN","AMAR CHITRA KATHA",2011,,8029,"ENGLISH",,"823/TIN",,,,,,8029,,0,50,,"MARSHAL DISTRIBUTORS",,,"GOOD","STORY",
"TINKLE DIGEST NO. 131",2011,"NOT GIVEN","AMAR CHITRA KATHA",2011,,8030,"ENGLISH",,"823/TIN",,,,,,8030,,0,50,,"MARSHAL DISTRIBUTORS",,,"GOOD","STORY",
"TINKLE DIGEST NO. 132",2011,"NOT GIVEN","AMAR CHITRA KATHA",2011,,8031,"ENGLISH",,"823/TIN",,,,,,8031,,0,50,,"MARSHAL DISTRIBUTORS",,,"GOOD","STORY",
"TINKLE DIGEST NO. 133",2011,"NOT GIVEN","AMAR CHITRA KATHA",2011,,8032,"ENGLISH",,"823/TIN",,,,,,8032,,0,50,,"MARSHAL DISTRIBUTORS",,,"GOOD","STORY",
"TINKLE DIGEST NO. 134",2011,"NOT GIVEN","AMAR CHITRA KATHA",2011,,8033,"ENGLISH",,"823/TIN",,,,,,8033,,0,50,,"MARSHAL DISTRIBUTORS",,,"GOOD","STORY",
"TINKLE DIGEST NO. 135",2011,"NOT GIVEN","AMAR CHITRA KATHA",2011,,8034,"ENGLISH",,"823/TIN",,,,,,8034,,0,50,,"MARSHAL DISTRIBUTORS",,,"GOOD","STORY",
"TINKLE DIGEST NO. 136",2011,"NOT GIVEN","AMAR CHITRA KATHA",2011,,8035,"ENGLISH",,"823/TIN",,,,,,8035,,0,50,,"MARSHAL DISTRIBUTORS",,,"GOOD","STORY",
"TINKLE DIGEST NO. 141",2011,"NOT GIVEN","AMAR CHITRA KATHA",2011,,8036,"ENGLISH",,"823/TIN",,,,,,8036,,0,50,,"MARSHAL DISTRIBUTORS",,,"GOOD","STORY",
"TINKLE DIGEST NO. 147",2012,"NOT GIVEN","AMAR CHITRA KATHA",2012,,8037,"ENGLISH",,"823/TIN",,,,,,8037,,0,50,,"MARSHAL DISTRIBUTORS",,,"GOOD","STORY",
"TINKLE DIGEST NO. 148",2011,"NOT GIVEN","AMAR CHITRA KATHA",2011,,8038,"ENGLISH",,"823/TIN",,,,,,8038,,0,50,,"MARSHAL DISTRIBUTORS",,,"GOOD","STORY",
"TINKLE DIGEST NO. 173",2011,"NOT GIVEN","AMAR CHITRA KATHA",2011,,8039,"ENGLISH",,"823/TIN",,,,,,8039,,0,50,,"MARSHAL DISTRIBUTORS",,,"GOOD","STORY",
"TINKLE DIGEST NO. 174",2011,"NOT GIVEN","AMAR CHITRA KATHA",2011,,8040,"ENGLISH",,"823/TIN",,,,,,8040,,0,50,,"MARSHAL DISTRIBUTORS",,,"GOOD","STORY",
"TINKLE DIGEST NO. 177",2011,"NOT GIVEN","AMAR CHITRA KATHA",2011,,8041,"ENGLISH",,"823/TIN",,,,,,8041,,0,50,,"MARSHAL DISTRIBUTORS",,,"GOOD","STORY",
"TINKLE DIGEST NO. 180",2011,"NOT GIVEN","AMAR CHITRA KATHA",2011,,8042,"ENGLISH",,"823/TIN",,,,,,8042,,0,50,,"MARSHAL DISTRIBUTORS",,,"GOOD","STORY",
"TINKLE DIGEST NO. 183",2011,"NOT GIVEN","AMAR CHITRA KATHA",2011,,8043,"ENGLISH",,"823/TIN",,,,,,8043,,0,50,,"MARSHAL DISTRIBUTORS",,,"GOOD","STORY",
"TINKLE DIGEST NO. 186",2011,"NOT GIVEN","AMAR CHITRA KATHA",2011,,8044,"ENGLISH",,"823/TIN",,,,,,8044,,0,50,,"MARSHAL DISTRIBUTORS",,,"GOOD","STORY",
"TINKLE DIGEST NO. 188",2011,"NOT GIVEN","AMAR CHITRA KATHA",2011,,8045,"ENGLISH",,"823/TIN",,,,,,8045,,0,50,,"MARSHAL DISTRIBUTORS",,,"GOOD","STORY",
"TINKLE DIGEST NO. 189",2011,"NOT GIVEN","AMAR CHITRA KATHA",2011,,8046,"ENGLISH",,"823/TIN",,,,,,8046,,0,50,,"MARSHAL DISTRIBUTORS",,,"GOOD","STORY",
"TINKLE DIGEST NO. 193",2011,"NOT GIVEN","AMAR CHITRA KATHA",2011,,8047,"ENGLISH",,"823/TIN",,,,,,8047,,0,50,,"MARSHAL DISTRIBUTORS",,,"GOOD","STORY",
"TINKLE DIGEST NO. 214",2011,9788184827736,"AMAR CHITRA KATHA",2011,,8048,"ENGLISH",,"823/TIN",,,,,,8048,,0,50,,"MARSHAL DISTRIBUTORS",,,"GOOD","STORY",
"TINKLE DIGEST NO. 216",2012,9788184827750,"AMAR CHITRA KATHA",2012,,8049,"ENGLISH",,"823/TIN",,,,,,8049,,0,50,,"MARSHAL DISTRIBUTORS",,,"GOOD","STORY",
"TINKLE DIGEST NO. 217",2012,9788184827828,"AMAR CHITRA KATHA",2012,,8050,"ENGLISH",,"823/TIN",,,,,,8050,,0,50,,"MARSHAL DISTRIBUTORS",,,"GOOD","STORY",
"TINKLE DIGEST NO. 218",2012,9788184827835,"AMAR CHITRA KATHA",2012,,8051,"ENGLISH",,"823/TIN",,,,,,8051,,0,50,,"MARSHAL DISTRIBUTORS",,,"GOOD","STORY",
"TINKLE DIGEST NO. 220",2012,9788184827859,"AMAR CHITRA KATHA",2012,,8052,"ENGLISH",,"823/TIN",,,,,,8052,,0,50,,"MARSHAL DISTRIBUTORS",,,"GOOD","STORY",
"TINKLE DIGEST NO. 221",2012,9788184827866,"AMAR CHITRA KATHA",2012,,8053,"ENGLISH",,"823/TIN",,,,,,8053,,0,50,,"MARSHAL DISTRIBUTORS",,,"GOOD","STORY",
"TINKLE DIGEST NO. 228",2012,9788184827934,"AMAR CHITRA KATHA",2012,,8054,"ENGLISH",,"823/TIN",,,,,,8054,,0,50,,"MARSHAL DISTRIBUTORS",,,"GOOD","STORY",
"TINKLE DIGEST NO. 240",2011,"NOT GIVEN","AMAR CHITRA KATHA",2011,,8055,"ENGLISH",,"823/TIN",,,,,,8055,,0,50,,"MARSHAL DISTRIBUTORS",,,"GOOD","STORY",
"TINKLE DIGEST NO. 241",2012,9788184827040,"AMAR CHITRA KATHA",2012,,8056,"ENGLISH",,"823/TIN",,,,,,8056,,0,50,,"MARSHAL DISTRIBUTORS",,,"GOOD","STORY",
"TINKLE DIGEST NO. 242",2012,9788184827095,"AMAR CHITRA KATHA",2012,,8057,"ENGLISH",,"823/TIN",,,,,,8057,,0,50,,"MARSHAL DISTRIBUTORS",,,"GOOD","STORY",
"TINKLE DIGEST NO. 77",2011,"NOT GIVEN","AMAR CHITRA KATHA",2011,,8058,"ENGLISH",,"823/TIN",,,,,,8058,,0,50,,"MARSHAL DISTRIBUTORS",,,"GOOD","STORY",
"TINKLE DIGEST NO. 78",2011,"NOT GIVEN","AMAR CHITRA KATHA",2011,,8059,"ENGLISH",,"823/TIN",,,,,,8059,,0,50,,"MARSHAL DISTRIBUTORS",,,"GOOD","STORY",
"TINKLE DIGEST NO. 236",2011,"NOT GIVEN","AMAR CHITRA KATHA",2011,,8060,"ENGLISH",,"823/TIN",,,,,,8060,,0,50,,"MARSHAL DISTRIBUTORS",,,"GOOD","STORY",
"TINKLE DIGEST NO. 239",2011,"NOT GIVEN","AMAR CHITRA KATHA",2011,,8061,"ENGLISH",,"823/TIN",,,,,,8061,,0,50,,"MARSHAL DISTRIBUTORS",,,"GOOD","STORY",
"TINKLE DIGEST NO. 245",2012,9788184828061,"AMAR CHITRA KATHA",2012,,8062,"ENGLISH",,"823/TIN",,,,,,8062,,0,50,,"MARSHAL DISTRIBUTORS",,,"GOOD","STORY",
"TINKLE DIGEST NO. 65",2012,9788184828276,"AMAR CHITRA KATHA",2012,,8063,"ENGLISH",,"823/TIN",,,,,,8063,,0,60,,"MARSHAL DISTRIBUTORS",,,"GOOD","STORY",
"TINKLE DIGEST NO. 66",2012,9788184829259,"AMAR CHITRA KATHA",2012,,8064,"ENGLISH",,"823/TIN",,,,,,8064,,0,60,,"MARSHAL DISTRIBUTORS",,,"GOOD","STORY",
"TINKLE DIGEST NO. 97",2012,9788184829433,"AMAR CHITRA KATHA",2012,,8065,"ENGLISH",,"823/TIN",,,,,,8065,,0,60,,"MARSHAL DISTRIBUTORS",,,"GOOD","STORY",
"TINKLE DIGEST NO. 98",2012,9788184829440,"AMAR CHITRA KATHA",2012,,8066,"ENGLISH",,"823/TIN",,,,,,8066,,0,60,,"MARSHAL DISTRIBUTORS",,,"GOOD","STORY",
"TINKLE DIGEST NO. 109",2012,9789350850046,"AMAR CHITRA KATHA",2012,,8067,"ENGLISH",,"823/TIN",,,,,,8067,,0,60,,"MARSHAL DISTRIBUTORS",,,"GOOD","STORY",
"TINKLE DIGEST NO. 187",2012,9789350850435,"AMAR CHITRA KATHA",2012,,8068,"ENGLISH",,"823/TIN",,,,,,8068,,0,60,,"MARSHAL DISTRIBUTORS",,,"GOOD","STORY",
"TINKLE DIGEST NO. 190",2012,9789350850466,"AMAR CHITRA KATHA",2012,,8069,"ENGLISH",,"823/TIN",,,,,,8069,,0,60,,"MARSHAL DISTRIBUTORS",,,"GOOD","STORY",
"TINKLE DIGEST NO. 191",2012,9789350850473,"AMAR CHITRA KATHA",2012,,8070,"ENGLISH",,"823/TIN",,,,,,8070,,0,60,,"MARSHAL DISTRIBUTORS",,,"GOOD","STORY",
"TINKLE DIGEST NO. 192",2012,9789350850480,"AMAR CHITRA KATHA",2012,,8071,"ENGLISH",,"823/TIN",,,,,,8071,,0,60,,"MARSHAL DISTRIBUTORS",,,"GOOD","STORY",
"TINKLE DIGEST NO. 246",2012,9788184829402,"AMAR CHITRA KATHA",2012,,8072,"ENGLISH",,"823/TIN",,,,,,8072,,0,60,,"MARSHAL DISTRIBUTORS",,,"GOOD","STORY",
"TINKLE DIGEST vol.12 NO. 5 185",2007,"NOT GIVEN","AMAR CHITRA KATHA",2007,,8073,"ENGLISH",,"823/TIN",,,,,,8073,,0,40,,"MARSHAL DISTRIBUTORS",,,"GOOD","STORY",
"BHAGAWAT: THE KRISHNA AVATAR",2012,9788184822236,"AMAR CHITRA KATHA",2012,,8074,"ENGLISH",,"200/SAS",,,,,,8074,,0,350,,"MARSHAL DISTRIBUTORS",,,"GOOD","RELIGION",
"MAHABHARAT: THE KURU PRINCES  1",2013,9788190599023,"AMAR CHITRA KATHA",2013,,8075,"ENGLISH",,"200/MAH",,,,,,8075,,0,666,,"MARSHAL DISTRIBUTORS",,,"GOOD","RELIGION",
"MAHABHARAT: THE PANDAVAS IN EXILE 2",2013,9788190599030,"AMAR CHITRA KATHA",2013,,8076,"ENGLISH",,"200/MAH",,,,,,8076,,0,666,,"MARSHAL DISTRIBUTORS",,,"GOOD","RELIGION",
"MAHABHARAT: ON THE BATTLEFIELD OF KURUKSHETRA 3",2013,9788190599047,"AMAR CHITRA KATHA",2013,,8077,"ENGLISH",,"200/MAH",,,,,,8077,,0,666,,"MARSHAL DISTRIBUTORS",,,"GOOD","RELIGION",
"DEVOTEES AND DEMONS-I: FROM THE EPICS AND MYTHOLOGY OF INDIA",2010,9788184823523,"AMAR CHITRA KATHA",2010,,8078,"ENGLISH",,"200/DEV",,,,,,8078,,0,400,,"MARSHAL DISTRIBUTORS",,,"GOOD","RELIGION",
"BRAVE WARRIORS AND FIGHTERS",2011,9788184826173,"AMAR CHITRA KATHA",2011,,8079,"ENGLISH",,"920/BRA",,,,,,8079,,0,695,,"MARSHAL DISTRIBUTORS",,,"GOOD","FREEDOM FIGHTERS",
"TOP SCHOOL ESSAYS",2013,9788179638989,"SHREE",2013,,8080,"ENGLISH",,"824/SHA",,,,"SHAH PREMA & AGARWAL MINI & DIWAKAR LATHA","ENGLISH ESSAYS",8080,,0,160,,"MARSHAL DISTRIBUTORS",,,"GOOD","LITERATURE",
"ESSENTIAL SCHOOL ESSAYS",2013,9788179638941,"SHREE",2013,,8081,"ENGLISH",,"824/SIN",,,,"SIGHT SIMI PARAMJEET","ENGLISH ESSAYS",8081,,0,160,,"MARSHAL DISTRIBUTORS",,,"GOOD","LITERATURE",
"POPULAR SCHOOL ESSAYS",2013,9788179638965,"SHREE",2013,,8082,"ENGLISH",,"824/ESS",,,,,"ENGLISH ESSAYS",8082,,0,160,,"MARSHAL DISTRIBUTORS",,,"GOOD","LITERATURE",
"SELECTED SCHOOL ESSAYS",2013,9788179638958,"SHREE",2013,,8083,"ENGLISH",,"824/SIN",,,,"SIGHT SIMI PARAMJEET","ENGLISH ESSAYS",8083,,0,160,,"MARSHAL DISTRIBUTORS",,,"GOOD","LITERATURE",
"EXCLUSIVE SCHOOL ESSAYS",2012,9788184992809,"SHREE",2012,,8084,"ENGLISH",,"824/DAN",,,,"DANG MINI AGARWAL & SAINI PRIYANKA ANN & SHAH PREMLATA","ENGLISH ESSAYS",8084,,0,160,,"MARSHAL DISTRIBUTORS",,,"GOOD","LITERATURE",
"THE INTELLECT BOOK OF ESSAYS",2013,9788184994537,"SHREE",2013,,8085,"ENGLISH",,"824/SRI",,,,"SRIMAHALAKSHMI V","ENGLISH ESSAYS",8085,,0,160,,"MARSHAL DISTRIBUTORS",,,"GOOD","LITERATURE",
"THE BRAINY BOOK OF ESSAYS",2013,9788184994568,"SHREE",2013,,8086,"ENGLISH",,"824/NAI",,,,"NAIR ANURADHA","ENGLISH ESSAYS",8086,,0,160,,"MARSHAL DISTRIBUTORS",,,"GOOD","LITERATURE",
"THE GENIUS BOOK OF ESSAYS",2013,9788184994001,"SHREE",2013,,8087,"ENGLISH",,"824/NAI",,,,"NAIR ANURADHA & SHRIKHANDE VEENA","ENGLISH ESSAYS",8087,,0,160,,"MARSHAL DISTRIBUTORS",,,"GOOD","LITERATURE",
"THE WHIZ-KID BOOK OF ESSAYS",2013,9788184994544,"SHREE",2013,,8088,"ENGLISH",,"824/ESS",,,,,"ENGLISH ESSAYS",8088,,0,135,,"MARSHAL DISTRIBUTORS",,,"GOOD","LITERATURE",
"THE GREAT BOOK OF ESSAYS",2013,9788184994551,"SHREE",2013,,8089,"ENGLISH",,"824/SHA",,,,"SHAH PREMALATA ANGELA","ENGLISH ESSAYS",8089,,0,135,,"MARSHAL DISTRIBUTORS",,,"GOOD","LITERATURE",
"VEDIC MATHEMATICS FOR BEGINNERS: LEVEL 2 WORKBOOK",,9788184991031,"SHREE",,,8090,"ENGLISH",,"510/SIN",,,,"SINHA SANGEETA",,8090,,0,60,,"MARSHAL DISTRIBUTORS",,,"GOOD","MATHEMATICS",
"VEDIC MATHEMATICS FOR BEGINNERS: LEVEL 3 WORKBOOK",,9788184991048,"SHREE",,,8091,"ENGLISH",,"510/SIN",,,,"SINHA SANGEETA",,8091,,0,60,,"MARSHAL DISTRIBUTORS",,,"GOOD","MATHEMATICS",
"VEDIC MATHEMATICS FOR BEGINNERS: LEVEL 4 WORKBOOK",,9788184991055,"SHREE",,,8092,"ENGLISH",,"510/SIN",,,,"SINHA SANGEETA",,8092,,0,60,,"MARSHAL DISTRIBUTORS",,,"GOOD","MATHEMATICS",
"VEDIC MATHEMATICS FOR BEGINNERS: LEVEL 5 WORKBOOK",,9788184991062,"SHREE",,,8093,"ENGLISH",,"510/SIN",,,,"SINHA SANGEETA",,8093,,0,60,,"MARSHAL DISTRIBUTORS",,,"GOOD","MATHEMATICS",
"VEDIC MATHEMATICS FOR BEGINNERS: LEVEL 6 WORKBOOK",,9788184991079,"SHREE",,,8094,"ENGLISH",,"510/SIN",,,,"SINHA SANGEETA",,8094,,0,60,,"MARSHAL DISTRIBUTORS",,,"GOOD","MATHEMATICS",
"SHAKESPEAR FOR EVERYONE: THE TAMING OF THE SHREW",,9788179633540,"SHREE",,,8095,"ENGLISH",,"823/SHA",,,,"SHAKESPEARE WILLIAM","ENGLISH",8095,,0,45,,"MARSHAL DISTRIBUTORS",,,"GOOD","STORY",
"SHAKESPEAR FOR EVERYONE: ANTONY AND CLEOPATRA",,9788179633533,"SHREE",,,8096,"ENGLISH",,"823/SHA",,,,"SHAKESPEARE WILLIAM","ENGLISH",8096,,0,45,,"MARSHAL DISTRIBUTORS",,,"GOOD","STORY",
"SHAKESPEAR FOR EVERYONE: HENRY V",,9788179633434,"SHREE",,,8097,"ENGLISH",,"823/SHA",,,,"SHAKESPEARE WILLIAM","ENGLISH",8097,,0,45,,"MARSHAL DISTRIBUTORS",,,"GOOD","STORY",
"SHAKESPEAR FOR EVERYONE: MUCH ADO ABOUT NOTHING",,9788179633496,"SHREE",,,8098,"ENGLISH",,"823/SHA",,,,"SHAKESPEARE WILLIAM","ENGLISH",8098,,0,45,,"MARSHAL DISTRIBUTORS",,,"GOOD","STORY",
"SHAKESPEAR FOR EVERYONE: TWELFTH NIGHT",,9788179633564,"SHREE",,,8099,"ENGLISH",,"823/SHA",,,,"SHAKESPEARE WILLIAM","ENGLISH",8099,,0,45,,"MARSHAL DISTRIBUTORS",,,"GOOD","STORY",
"SHAKESPEAR FOR EVERYONE: MACBETH",,9788179633465,"SHREE",,,8100,"ENGLISH",,"823/SHA",,,,"SHAKESPEARE WILLIAM","ENGLISH",8100,,0,45,,"MARSHAL DISTRIBUTORS",,,"GOOD","STORY",
"SHAKESPEAR FOR EVERYONE: THE MERCHANT OF VENICE",,9788179633472,"SHREE",,,8101,"ENGLISH",,"823/SHA",,,,"SHAKESPEARE WILLIAM","ENGLISH",8101,,0,45,,"MARSHAL DISTRIBUTORS",,,"GOOD","STORY",
"SHAKESPEAR FOR EVERYONE: A MIDSUMMER NIGHTS DREAM",,9788179633489,"SHREE",,,8102,"ENGLISH",,"823/SHA",,,,"SHAKESPEARE WILLIAM","ENGLISH",8102,,0,45,,"MARSHAL DISTRIBUTORS",,,"GOOD","STORY",
"SMART KIDS: PICTURE ATLAS",,9781849151894,"PRIDDY BOOKS(SHREE)",,,8103,"ENGLISH",,"912/PRI",,,,"PRIDDY ROGER",,8103,,0,399,,"MARSHAL DISTRIBUTORS",,,"GOOD","ATLAS",
"WERE STEGOSAURS CARNIVOURES? AN AMAZING DINOSAUR QUIZ BOOK",2012,9781409376460,"DK (SHREE)",2012,,8104,"ENGLISH",,"500/QUI",,,,,"QUIZ",8104,,0,225,,"MARSHAL DISTRIBUTORS",,,"GOOD","SCIENCE",
"IS A CAMEL A MAMMALS?AN AMAZING ANIMALS QUIZ BOOK",2012,9781409376453,"DK (SHREE)",2012,,8105,"ENGLISH",,"500/QUI",,,,,"QUIZ",8105,,0,225,,"MARSHAL DISTRIBUTORS",,,"GOOD","SCIENCE",
"WHAT GIVES AN OCEAN MOTION?AN AMAZING EARTH QUIZ BOOK",2012,9781409376477,"DK (SHREE)",2012,,8106,"ENGLISH",,"500/QUI",,,,,"QUIZ",8106,,0,225,,"MARSHAL DISTRIBUTORS",,,"GOOD","SCIENCE",
"QUICK REFERENCE BIOGRAPHIES OMNIBUS: GREAT WOMEN OF THE WORLD",2014,9788184997217,"SHREE",2014,,8107,"ENGLISH",,"920/QUI",,,,,,8107,,0,199,,"MARSHAL DISTRIBUTORS",,,"GOOD","BIOGRAPHY",
"QUICK REFERENCE BIOGRAPHIES OMNIBUS: GREAT WOMEN OF INDIA",2010,9788184997163,"SHREE",2010,,8108,"ENGLISH",,"920/QUI",,,,,,8108,,0,160,,"MARSHAL DISTRIBUTORS",,,"GOOD","BIOGRAPHY",
"QUICK REFERENCE BIOGRAPHIES OMNIBUS: GREAT BUSINESS PERSONALITIES OF INDIA",2014,9788184997170,"SHREE",2014,,8109,"ENGLISH",,"920/QUI",,,,,,8109,,0,199,,"MARSHAL DISTRIBUTORS",,,"GOOD","BIOGRAPHY",
"QUICK REFERENCE BIOGRAPHIES OMNIBUS: GREAT ENTERTAINERS OF THE WORLD",2014,9788184997149,"SHREE",2014,,8110,"ENGLISH",,"920/QUI",,,,,,8110,,0,199,,"MARSHAL DISTRIBUTORS",,,"GOOD","BIOGRAPHY",
"THE GREAT INDIAN WAR HEROES: NIGHTS OF TERROR",2012,9789350491577,"SHREE",2012,,8111,"ENGLISH",,"920/SAN",,,,"SANYAL SUBHOJIT","FREEDOM FIGHTER",8111,,0,125,,"MARSHAL DISTRIBUTORS",,,"GOOD","BIOGRAPHY",
"THE GREAT INDIAN WAR HEROES: STRIKE AHEAD",2012,9789350491546,"SHREE",2012,,8112,"ENGLISH",,"920/SAN",,,,"SANYAL SUBHOJIT","FREEDOM FIGHTER",8112,,0,125,,"MARSHAL DISTRIBUTORS",,,"GOOD","BIOGRAPHY",
"THE GREAT INDIAN WAR HEROES: DEADLY MISSIONS",2012,9789350491539,"SHREE",2012,,8113,"ENGLISH",,"920/SAN",,,,"SANYAL SUBHOJIT","FREEDOM FIGHTER",8113,,0,125,,"MARSHAL DISTRIBUTORS",,,"GOOD","BIOGRAPHY",
"THE GREAT INDIAN WAR HEROES: DARING DEVILS",2012,9789350491553,"SHREE",2012,,8114,"ENGLISH",,"920/SAN",,,,"SANYAL SUBHOJIT","FREEDOM FIGHTER",8114,,0,125,,"MARSHAL DISTRIBUTORS",,,"GOOD","BIOGRAPHY",
"THE GREAT INDIAN WAR HEROES: BLAZING GUNS",2012,9789350491522,"SHREE",2012,,8115,"ENGLISH",,"920/SAN",,,,"SANYAL SUBHOJIT","FREEDOM FIGHTER",8115,,0,125,,"MARSHAL DISTRIBUTORS",,,"GOOD","BIOGRAPHY",
"THE GREAT INDIAN WAR HEROES: BATTLE ACTION",2012,9789350491560,"SHREE",2012,,8116,"ENGLISH",,"920/SAN",,,,"SANYAL SUBHOJIT","FREEDOM FIGHTER",8116,,0,125,,"MARSHAL DISTRIBUTORS",,,"GOOD","BIOGRAPHY",
"QUICK REFERENCE BIOGRAPHY SERIES:ABRAHAM LINCOLN A BIOGRAPHY OF A GREAT FREEDOM FIGHTER WHO INSPIRED MILLIONS.",,9788184990096,"SHREE",,,8117,"ENGLISH",,"920/QUI",,,,,"FREEDOM FIGHTER",8117,,0,35,,"MARSHAL DISTRIBUTORS",,,"GOOD","BIOGRAPHY",
"QUICK REFERENCE BIOGRAPHY SERIES:ADOLF HITLER A BIOGRAPHY ",,9788184990331,"SHREE",,,8118,"ENGLISH",,"920/QUI",,,,,,8118,,0,35,,"MARSHAL DISTRIBUTORS",,,"GOOD","BIOGRAPHY",
"QUICK REFERENCE BIOGRAPHY SERIES:ALBERT EINSTEIN A BIOGRAPHY OF A GREAT NOBLE LAUREATE WHO INSPIRED MILLIONS",,9788184990812,"SHREE",,,8119,"ENGLISH",,"920/QUI",,,,,"NOBLE LAUREATE",8119,,0,35,,"MARSHAL DISTRIBUTORS",,,"GOOD","BIOGRAPHY",
"QUICK REFERENCE BIOGRAPHY SERIES:ALEXANDER GRAHAM BELL A BIOGRAPHY OF A GREAT INVENTOR WHO INSPIRED MILLIONS",,9788184990256,"SHREE",,,8120,"ENGLISH",,"920/QUI",,,,,"INVENTOR",8120,,0,35,,"MARSHAL DISTRIBUTORS",,,"GOOD","BIOGRAPHY",
"QUICK REFERENCE BIOGRAPHY SERIES:ALEXANDER THE GREAT A BIOGRAPHY OF A GREAT RULER WHO INSPIRED MILLIONS",,9788184990423,"SHREE",,,8121,"ENGLISH",,"920/QUI",,,,,"RULER",8121,,0,35,,"MARSHAL DISTRIBUTORS",,,"GOOD","BIOGRAPHY",
"QUICK REFERENCE BIOGRAPHY SERIES:ALFRED NOBEL A BIOGRAPHY OF A GREAT INVENTOR WHO INSPIRED MILLIONS",,9788184990263,"SHREE",,,8122,"ENGLISH",,"920/QUI",,,,,"INVENTOR",8122,,0,35,,"MARSHAL DISTRIBUTORS",,,"GOOD","BIOGRAPHY",
"QUICK REFERENCE BIOGRAPHY SERIES:AMITABH BACHAHAN A BIOGRAPHY OF A GREAT ENTERTAINER WHO INSPIRED MILLIONS",,9788184990010,"SHREE",,,8123,"ENGLISH",,"920/QUI",,,,,"ENTERTAINER",8123,,0,35,,"MARSHAL DISTRIBUTORS",,,"GOOD","BIOGRAPHY",
"QUICK REFERENCE BIOGRAPHY SERIES:ANGELA MERKEL A BIOGRAPHY OF A GREAT WOMAN WHO INSPIRED MILLIONS",,9788184990577,"SHREE",,,8124,"ENGLISH",,"920/QUI",,,,,,8124,,0,35,,"MARSHAL DISTRIBUTORS",,,"GOOD","BIOGRAPHY",
"QUICK REFERENCE BIOGRAPHY SERIES:ASHOKA THE GREAT A BIOGRAPHY OF A GREAT RULER WHO INSPIRED MILLIONS",,9788184990430,"SHREE",,,8125,"ENGLISH",,"920/QUI",,,,,"RULER",8125,,0,35,,"MARSHAL DISTRIBUTORS",,,"GOOD","BIOGRAPHY",
"QUICK REFERENCE BIOGRAPHY SERIES:AZIM PREMJI A BIOGRAPHY OF A GREAT INDIAN BUSINESS PERSONALITY WHO INSPIRED MILLIONS",,9788184990171,"SHREE",,,8126,"ENGLISH",,"920/QUI",,,,,"BUSINESS PERSONALITIES",8126,,0,35,,"MARSHAL DISTRIBUTORS",,,"GOOD","BIOGRAPHY",
"QUICK REFERENCE BIOGRAPHY SERIES:BENAZIR BHUTTO A BIOGRAPHY OF A GREAT WOMAN WHO INSPIRED MILLIONS",,9788184990584,"SHREE",,,8127,"ENGLISH",,"920/QUI",,,,,,8127,,0,35,,"MARSHAL DISTRIBUTORS",,,"GOOD","BIOGRAPHY",
"QUICK REFERENCE BIOGRAPHY SERIES:BILL GATES A BIOGRAPHY OF A GREAT BUSINESS PERSONALITY WHO INSPIRED MILLIONS",,9788184990737,"SHREE",,,8128,"ENGLISH",,"920/QUI",,,,,"BUSINESS PERSONALITIES",8128,,0,35,,"MARSHAL DISTRIBUTORS",,,"GOOD","BIOGRAPHY",
"QUICK REFERENCE BIOGRAPHY SERIES:CHARLES BABBAGE A BIOGRAPHY OF A GREAT INVENTOR WHO INSPIRED MILLIONS",,9788184990270,"SHREE",,,8129,"ENGLISH",,"920/QUI",,,,,"INVENTOR",8129,,0,35,,"MARSHAL DISTRIBUTORS",,,"GOOD","BIOGRAPHY",
"QUICK REFERENCE BIOGRAPHY SERIES:CHARLES DARWIN A BIOGRAPHY OF A GREAT THINKER WHO INSPIRED MILLIONS",,9788184990492,"SHREE",,,8130,"ENGLISH",,"920/QUI",,,,,"THINKER",8130,,0,35,,"MARSHAL DISTRIBUTORS",,,"GOOD","BIOGRAPHY",
"QUICK REFERENCE BIOGRAPHY SERIES:CHARLIE CHAPLIN A BIOGRAPHY OF A GREAT PERSONALITY WHO INSPIRED MILLIONS",,9788184990355,"SHREE",,,8131,"ENGLISH",,"920/QUI",,,,,,8131,,0,35,,"MARSHAL DISTRIBUTORS",,,"GOOD","BIOGRAPHY",
"QUICK REFERENCE BIOGRAPHY SERIES:CHE GUEVARA A BIOGRAPHY OF A GREAT FREEDOM FIGHTER WHO INSPIRED MILLIONS",,9788184990102,"SHREE",,,8132,"ENGLISH",,"920/QUI",,,,,"FREEDOM FIGHTER",8132,,0,35,,"MARSHAL DISTRIBUTORS",,,"GOOD","BIOGRAPHY",
"QUICK REFERENCE BIOGRAPHY SERIES:CHHATRAPATI SHIVAJI A BIOGRAPHY OF A GREAT FREEDOM FIGHTER WHO INSPIRED MILLIONS",,9788184990119,"SHREE",,,8133,"ENGLISH",,"920/QUI",,,,,"FREEDOM FIGHTER",8133,,0,35,,"MARSHAL DISTRIBUTORS",,,"GOOD","BIOGRAPHY",
"QUICK REFERENCE BIOGRAPHY SERIES:GALILEO GALILEI A BIOGRAPHY OF A GREAT INVENTOR WHO INSPIRED MILLIONS",,9788184990287,"SHREE",,,8134,"ENGLISH",,"920/QUI",,,,,"INVENTOR",8134,,0,35,,"MARSHAL DISTRIBUTORS",,,"GOOD","BIOGRAPHY",
"QUICK REFERENCE BIOGRAPHY SERIES:GENGHIS KHAN A BIOGRAPHY OF A GREAT RULER WHO INSPIRED MILLIONS",,9788184990447,"SHREE",,,8135,"ENGLISH",,"920/QUI",,,,,"RULER",8135,,0,35,,"MARSHAL DISTRIBUTORS",,,"GOOD","BIOGRAPHY",
"QUICK REFERENCE BIOGRAPHY SERIES:HELEN KELLER A BIOGRAPHY OF A GREAT THINKER WHO INSPIRED MILLIONS",,9788184990508,"SHREE",,,8136,"ENGLISH",,"920/QUI",,,,,"THINKER",8136,,0,35,,"MARSHAL DISTRIBUTORS",,,"GOOD","BIOGRAPHY",
"QUICK REFERENCE BIOGRAPHY SERIES:HENRY FORD A BIOGRAPHY OF A GREAT BUSINESS PERSONALITY WHO INSPIRED MILLIONS",,9788184990744,"SHREE",,,8137,"ENGLISH",,"920/QUI",,,,,"BUSINESS PERSONALITIES",8137,,0,35,,"MARSHAL DISTRIBUTORS",,,"GOOD","BIOGRAPHY",
"QUICK REFERENCE BIOGRAPHY SERIES:HILLARY CLINTON A BIOGRAPHY OF A GREAT WOMAN WHO INSPIRED MILLIONS",,9788184990607,"SHREE",,,8138,"ENGLISH",,"920/QUI",,,,,,8138,,0,35,,"MARSHAL DISTRIBUTORS",,,"GOOD","BIOGRAPHY",
"QUICK REFERENCE BIOGRAPHY SERIES:JACKIE CHAN A BIOGRAPHY OF A GREAT ENTERTAINER  WHO INSPIRED MILLIONS",,9788184990034,"SHREE",,,8139,"ENGLISH",,"920/QUI",,,,,"ENTERTAINER",8139,,0,35,,"MARSHAL DISTRIBUTORS",,,"GOOD","BIOGRAPHY",
"QUICK REFERENCE BIOGRAPHY SERIES:JAMES WATT A BIOGRAPHY OF A GREAT INVENTOR WHO INSPIRED MILLIONS",,9788184990294,"SHREE",,,8140,"ENGLISH",,"920/QUI",,,,,"INVENTOR",8140,,0,35,,"MARSHAL DISTRIBUTORS",,,"GOOD","BIOGRAPHY",
"QUICK REFERENCE BIOGRAPHY SERIES:J KRISHNAMURTI A BIOGRAPHY OF A GREAT THINKER WHO INSPIRED MILLIONS",,9788184990515,"SHREE",,,8141,"ENGLISH",,"920/QUI",,,,,"THINKER",8141,,0,35,,"MARSHAL DISTRIBUTORS",,,"GOOD","BIOGRAPHY",
"QUICK REFERENCE BIOGRAPHY SERIES:JOHN F KENNEDY A BIOGRAPHY OF A GREAT PERSONALITY WHO INSPIRED MILLIONS",,9788184990379,"SHREE",,,8142,"ENGLISH",,"920/QUI",,,,,,8142,,0,35,,"MARSHAL DISTRIBUTORS",,,"GOOD","BIOGRAPHY",
"QUICK REFERENCE BIOGRAPHY SERIES:JULIUS CEASAR A BIOGRAPHY OF A GREAT RULER WHO INSPIRED MILLIONS",,9788184990454,"SHREE",,,8143,"ENGLISH",,"920/QUI",,,,,"RULER",8143,,0,35,,"MARSHAL DISTRIBUTORS",,,"GOOD","BIOGRAPHY",
"QUICK REFERENCE BIOGRAPHY SERIES:KARL MARX A BIOGRAPHY OF A GREAT  THINKER WHO INSPIRED MILLIONS",,9788184990522,"SHREE",,,8144,"ENGLISH",,"920/QUI",,,,,"THINKER",8144,,0,35,,"MARSHAL DISTRIBUTORS",,,"GOOD","BIOGRAPHY",
"QUICK REFERENCE BIOGRAPHY SERIES:KIRAN BEDI A BIOGRAPHY OF A GREAT WOMAN WHO INSPIRED MILLIONS",,9788184990652,"SHREE",,,8145,"ENGLISH",,"920/QUI",,,,,,8145,,0,35,,"MARSHAL DISTRIBUTORS",,,"GOOD","BIOGRAPHY",
"QUICK REFERENCE BIOGRAPHY SERIES:KUMAR MANGALAM BIRLA A BIOGRAPHY OF A GREAT INDIAN BUSINESS PERSONALITY WHO INSPIRED MILLIONS",,9788184990201,"SHREE",,,8146,"ENGLISH",,"920/QUI",,,,,"BUSINESS PERSONALITIES",8146,,0,35,,"MARSHAL DISTRIBUTORS",,,"GOOD","BIOGRAPHY",
"QUICK REFERENCE BIOGRAPHY SERIES:MADONNA A BIOGRAPHY OF A GREAT ENTERTAINER WHO INSPIRED MILLIONS",,9788184990041,"SHREE",,,8147,"ENGLISH",,"920/QUI",,,,,"ENTERTAINER",8147,,0,35,,"MARSHAL DISTRIBUTORS",,,"GOOD","BIOGRAPHY",
"QUICK REFERENCE BIOGRAPHY SERIES:MAO TSE TUNG A BIOGRAPHY OF A GREAT PERSONALITY WHO INSPIRED MILLIONS",,9788184990386,"SHREE",,,8148,"ENGLISH",,"920/QUI",,,,,,8148,,0,35,,"MARSHAL DISTRIBUTORS",,,"GOOD","BIOGRAPHY",
"QUICK REFERENCE BIOGRAPHY SERIES:MARIE CURIE A BIOGRAPHY OF A GREAT NOBEL LAUREATE WHO INSPIRED MILLIONS",,9788184990836,"SHREE",,,8149,"ENGLISH",,"920/QUI",,,,,"NOBLE LAUREATE",8149,,0,35,,"MARSHAL DISTRIBUTORS",,,"GOOD","BIOGRAPHY",
"QUICK REFERENCE BIOGRAPHY SERIES:MICHAEL SCHUMACHER A BIOGRAPHY OF A GREAT ENTERTAINER WHO INSPIRED MILLIONS",,9788184990072,"SHREE",,,8150,"ENGLISH",,"920/QUI",,,,,"ENTERTAINER",8150,,0,35,,"MARSHAL DISTRIBUTORS",,,"GOOD","BIOGRAPHY",
"QUICK REFERENCE BIOGRAPHY SERIES:NAPOLEAN BONAPARTE A BIOGRAPHY OF A GREAT RULER WHO INSPIRED MILLIONS",,9788184990461,"SHREE",,,8151,"ENGLISH",,"920/QUI",,,,,"RULER",8151,,0,35,,"MARSHAL DISTRIBUTORS",,,"GOOD","BIOGRAPHY",
"QUICK REFERENCE BIOGRAPHY SERIES:NELSON MANDELA A BIOGRAPHY OF A GREAT NOBEL LAUREATE WHO INSPIRED MILLIONS",,9788184990874,"SHREE",,,8152,"ENGLISH",,"920/QUI",,,,,"NOBLE LAUREATE",8152,,0,35,,"MARSHAL DISTRIBUTORS",,,"GOOD","BIOGRAPHY",
"QUICK REFERENCE BIOGRAPHY SERIES:OSHO RAJNEESH A BIOGRAPHY OF A GREAT THINKER WHO INSPIRED MILLIONS",,9788184990539,"SHREE",,,8153,"ENGLISH",,"920/QUI",,,,,"THINKER",8153,,0,35,,"MARSHAL DISTRIBUTORS",,,"GOOD","BIOGRAPHY",
"QUICK REFERENCE BIOGRAPHY SERIES:QUEEN VICTORIA A BIOGRAPHY OF A GREAT RULER WHO INSPIRED MILLIONS",,9788184990478,"SHREE",,,8154,"ENGLISH",,"920/QUI",,,,,"RULER",8154,,0,35,,"MARSHAL DISTRIBUTORS",,,"GOOD","BIOGRAPHY",
"QUICK REFERENCE BIOGRAPHY SERIES:RABINDRANATH TAGORE A BIOGRAPHY OF A GREAT FREEDOM FIGHTER WHO INSPIRED MILLIONS",,9788184990133,"SHREE",,,8155,"ENGLISH",,"920/QUI",,,,,"FREEDOM FIGHTER",8155,,0,35,,"MARSHAL DISTRIBUTORS",,,"GOOD","BIOGRAPHY",
"QUICK REFERENCE BIOGRAPHY SERIES:R K NARAYAN A BIOGRAPHY OF A GREAT THINKER WHO INSPIRED MILLIONS",,9788184990546,"SHREE",,,8156,"ENGLISH",,"920/QUI",,,,,"THINKER",8156,,0,35,,"MARSHAL DISTRIBUTORS",,,"GOOD","BIOGRAPHY",
"QUICK REFERENCE BIOGRAPHY SERIES:SADDAM HUSSEIN A BIOGRAPHY ",,9788184990393,"SHREE",,,8157,"ENGLISH",,"920/QUI",,,,,,8157,,0,35,,"MARSHAL DISTRIBUTORS",,,"GOOD","BIOGRAPHY",
"QUICK REFERENCE BIOGRAPHY SERIES:SIR C V RAMAN A BIOGRAPHY OF A GREAT NOBEL LAUREATE WHO INSPIRED MILLIONS",,9788184990881,"SHREE",,,8158,"ENGLISH",,"920/QUI",,,,,"NOBLE LAUREATE",8158,,0,35,,"MARSHAL DISTRIBUTORS",,,"GOOD","BIOGRAPHY",
"QUICK REFERENCE BIOGRAPHY SERIES:SIR ISAAC NEWTON A BIOGRAPHY OF A GREAT INVENTOR WHO INSPIRED MILLIONS",,9788184990300,"SHREE",,,8159,"ENGLISH",,"920/QUI",,,,,"INVENTOR",8159,,0,35,,"MARSHAL DISTRIBUTORS",,,"GOOD","BIOGRAPHY",
"QUICK REFERENCE BIOGRAPHY SERIES:SONIA GANDHI A BIOGRAPHY OF A GREAT WOMAN WHO INSPIRED MILLIONS",,9788184990713,"SHREE",,,8160,"ENGLISH",,"920/QUI",,,,,,8160,,0,35,,"MARSHAL DISTRIBUTORS",,,"GOOD","BIOGRAPHY",
"QUICK REFERENCE BIOGRAPHY SERIES:SUNIL BHARTI MITTAL A BIOGRAPHY OF A GREAT INDIAN BUSINESS PERSONALITY WHO INSPIRED MILLIONS",,9788184990232,"SHREE",,,8161,"ENGLISH",,"920/QUI",,,,,"BUSINESS PERSONALITIES",8161,,0,35,,"MARSHAL DISTRIBUTORS",,,"GOOD","BIOGRAPHY",
"QUICK REFERENCE BIOGRAPHY SERIES:THOMAS ALVA EDISON A BIOGRAPHY OF A GREAT INVENTORS WHO INSPIRED MILLIONS",,9788184990317,"SHREE",,,8162,"ENGLISH",,"920/QUI",,,,,"INVENTOR",8162,,0,35,,"MARSHAL DISTRIBUTORS",,,"GOOD","BIOGRAPHY",
"QUICK REFERENCE BIOGRAPHY SERIES:TIPU SULTAN A BIOGRAPHY OF A GREAT FREEDOM FIGHTER WHO INSPIRED MILLIONS",,9788184990164,"SHREE",,,8163,"ENGLISH",,"920/QUI",,,,,"FREEDOM FIGHTER",8163,,0,35,,"MARSHAL DISTRIBUTORS",,,"GOOD","BIOGRAPHY",
"QUICK REFERENCE BIOGRAPHY SERIES:VIJAY MALLYA A BIOGRAPHY OF A GREAT INDIAN BUSINESS PERSONALITY WHO INSPIRED MILLIONS",,9788184990249,"SHREE",,,8164,"ENGLISH",,"920/QUI",,,,,"BUSINESS PERSONALITIES",8164,,0,35,,"MARSHAL DISTRIBUTORS",,,"GOOD","BIOGRAPHY",
"QUICK REFERENCE BIOGRAPHY SERIES:VENKATRAMAN RAMAKRISHNAN INDIA-BORN NOBEL PRIZE WINNER IN CHEMISTRY 2009 A BIOGRAPHY OF A GREAT NOBEL LAUREATE WHO INSPIRED MILLIONS",,9788184990898,"SHREE",,,8165,"ENGLISH",,"920/QUI",,,,,"NOBLE LAUREATE",8165,,0,35,,"MARSHAL DISTRIBUTORS",,,"GOOD","BIOGRAPHY",
"QUICK REFERENCE BIOGRAPHY SERIES:WALT DISNEY A BIOGRAPHY OF A GREAT BUSINESS PERSONALITY WHO INSPIRED MILLIONS",,9788184990799,"SHREE",,,8166,"ENGLISH",,"920/QUI",,,,,"BUSINESS PERSONALITIES",8166,,0,35,,"MARSHAL DISTRIBUTORS",,,"GOOD","BIOGRAPHY",
"QUICK REFERENCE BIOGRAPHY SERIES:WARREN BUFFETT A BIOGRAPHY OF A GREAT BUSINESS PERSONALITY WHO INSPIRED MILLIONS",,9788184990805,"SHREE",,,8167,"ENGLISH",,"920/QUI",,,,,"BUSINESS PERSONALITIES",8167,,0,35,,"MARSHAL DISTRIBUTORS",,,"GOOD","BIOGRAPHY",
"QUICK REFERENCE BIOGRAPHY SERIES:WILLIAM SHAKESPEARE A BIOGRAPHY OF A GREAT THINKER WHO INSPIRED MILLIONS",,9788184990560,"SHREE",,,8168,"ENGLISH",,"920/QUI",,,,,"THINKER",8168,,0,35,,"MARSHAL DISTRIBUTORS",,,"GOOD","BIOGRAPHY",
"QUICK REFERENCE BIOGRAPHY SERIES:WINSTON CHURCHILL A BIOGRAPHY OF A GREAT PERSONALITY WHO INSPIRED MILLIONS ",,9788184990409,"SHREE",,,8169,"ENGLISH",,"920/QUI",,,,,,8169,,0,35,,"MARSHAL DISTRIBUTORS",,,"GOOD","BIOGRAPHY",
"QUICK REFERENCE BIOGRAPHY SERIES:WRIGHT BROTHERS A BIOGRAPHY OF A GREAT INVENTORS WHO INSPIRED MILLIONS",,9788184990324,"SHREE",,,8170,"ENGLISH",,"920/QUI",,,,,"INVENTOR",8170,,0,35,,"MARSHAL DISTRIBUTORS",,,"GOOD","BIOGRAPHY",
"ANIMAL FACT FILES: FISH",2007,9780862887742,"SHREE",2007,,8171,"ENGLISH",,"500/DAW",,,,"DAWES JOHN & BEER AMY-JANE & OTHERS",,8171,,0,299,,"MARSHAL DISTRIBUTORS",,,"GOOD","SCIENCE",
"ANIMAL FACT FILES: BIRDS",2007,9780862887698,"SHREE",2007,,8172,"ENGLISH",,"500/CHA",,,,"CHANDLER DAVID & COUZENS DOMINIC & OTHERS",,8172,,0,299,,"MARSHAL DISTRIBUTORS",,,"GOOD","SCIENCE",
"ANIMAL FACT FILES: REPTILES",2007,9780785819684,"SHREE",2007,,8173,"ENGLISH",,"500/MAT",,,,"MATTISON CHRIS & DAVIES VAL & OTHER",,8173,,0,299,,"MARSHAL DISTRIBUTORS",,,"GOOD","SCIENCE",
"ANIMAL FACT FILES: MAMMALS",2007,9780785819677,"SHREE",2007,,8174,"ENGLISH",,"500/BEE",,,,"BEER AMY-JANE & MORRIS PAT",,8174,,0,299,,"MARSHAL DISTRIBUTORS",,,"GOOD","SCIENCE",
"WE CAN DO IT: THOUGHTS FOR CHANGE",2014,9789350497630,"SHREE",2014,,8175,"ENGLISH",,"600/KAL",,,,"KALAM APJ ABDUL & PILLAI SIVATHANU",,8175,,0,399,,"MARSHAL DISTRIBUTORS",,,"GOOD","TECHNOLOGY",
"THE PATH UNEXPLORED: SUCCESS MANTRA OF BRAHMOS",2014,9788182748033,"PENTAGON PRESS(SHREE)",2014,,8176,"ENGLISH",,"600/PIL",,,,"PILLAI SIVATHANU",,8176,,0,395,,"MARSHAL DISTRIBUTORS",,,"GOOD","TECHNOLOGY",
"OXFORD STUDY MATHEMATICS DICTIONARY",1999,9780199116881,"OXFORD(SHREE)",1999,,8177,"ENGLISH",,"503/OXF",,,,,"MATHEMATICS",8177,,0,595,,"MARSHAL DISTRIBUTORS",,,"GOOD","DICTIONARY",
"PERSONALITY DEVELOPMENT THROUGH POSITIVE THINKING",2010,9788179631041,"SHREE",2010,,8178,"ENGLISH",,"158.1/ABR",,,,"ABRAHAM AMIT",,8178,,0,80,,"MARSHAL DISTRIBUTORS",,,"GOOD","PSYCOLOGY",
"INDIAN TALES AND LEGENDS",,9788179633243,"SHREE",,,8179,"ENGLISH",,"823/IND",,,,,,8179,,0,250,,"MARSHAL DISTRIBUTORS",,,"GOOD","STORY",
"EVERGREEN STORIES OF GRIMMS",2013,9789350495056,"SHREE",2013,,8180,"ENGLISH",,"823/EVE",,,,,,8180,,0,95,,"MARSHAL DISTRIBUTORS",,,"GOOD","STORY",
"EVERGREEN ANIMAL TALES",2013,9788179632598,"SHREE",2013,,8181,"ENGLISH",,"823/EVE",,,,,,8181,,0,95,,"MARSHAL DISTRIBUTORS",,,"GOOD","STORY",
"EVERGREEN AESOPS FABLES",2013,9788179632543,"SHREE",2013,,8182,"ENGLISH",,"823/EVE",,,,,,8182,,0,95,,"MARSHAL DISTRIBUTORS",,,"GOOD","STORY",
"EVERGREEN FOLK TALES FROM AROUND THE WORLD",2013,9788179632604,"SHREE",2013,,8183,"ENGLISH",,"823/EVE",,,,,,8183,,0,95,,"MARSHAL DISTRIBUTORS",,,"GOOD","STORY",
"EVERGREEN STORIES OF HANS ANDERSEN",2013,9789350495018,"SHREE",2013,,8184,"ENGLISH",,"823/EVE",,,,,,8184,,0,95,,"MARSHAL DISTRIBUTORS",,,"GOOD","STORY",
"EVERGREEN BIBLE STORIES ",2014,9789350495179,"SHREE",2014,,8185,"ENGLISH",,"823/EVE",,,,,,8185,,0,95,,"MARSHAL DISTRIBUTORS",,,"GOOD","STORY",
"HANDLING BEHAVIOUR PROBLEMS IN YOUNG CHILDREN",2013,9178183530872,"SCHOLARS HUB",2013,,8186,"ENGLISH",,"150/JAI",,,,"JAIN SUGANDHA & JAIN NEERA",,8186,,0,125,,"MARSHAL DISTRIBUTORS",,,"GOOD","PSYCOLOGY",
"ENGLISH ESSAYS AND LETTERS(FOR SECONDARY CLASSES) 1",2014,9788183531603,"SCHOLARS HUB",2014,,8187,"ENGLISH",,"824/SAH",,,,"SAHNI NIDHI","ESSAYS & LETTERS",8187,,0,100,,"MARSHAL DISTRIBUTORS",,,"GOOD","ENGLISH ",
"HINDI NIBANDH RACHNA(PRAHTMIK KAKSHAOO KE LIYE) 1",2008,9788183531658,"SCHOLARS HUB",2008,,8188,"ENGLISH",,"891.4304/SAH",,,,"SAHNI NIDHI","ESSAYS ",8188,,0,60,,"MARSHAL DISTRIBUTORS",,,"GOOD","HINDI",
"HINDI NIBANDH RACHNA(PRAHTMIK KAKSHAOO KE LIYE) 2",2008,9788183531313,"SCHOLARS HUB",2008,,8189,"ENGLISH",,"891.4304/SAH",,,,"SAHNI NIDHI","ESSAYS ",8189,,0,70,,"MARSHAL DISTRIBUTORS",,,"GOOD","HINDI",
"FESTIVALS OF INDIA",2009,9788183531207,"SCHOLARS HUB",2009,,8190,"ENGLISH",,"200/FES",,,,,"FESTIVALS",8190,,0,100,,"MARSHAL DISTRIBUTORS",,,"GOOD","RELIGION",
"LEARN & PLAY HOCKEY",2011,9788131012321,"MANOJ PUBLICATION",2011,,8191,"ENGLISH",,"796/TIW",,,,"TIWARI RAJIV",,8191,,0,60,,"MARSHAL DISTRIBUTORS",,,"GOOD","SPORTS",
"STRAIGHT TALK ABOUT CHILDREN AND SPORTS ADVICE FOR PARENTS COACHES AND TEACHERS",2006,9798180566409,"HEALTHY HARMONY",2006,,8192,"ENGLISH",,"796/LEB",,,,"LEBLANCE JANET & DICKSON LOUISE",,8192,,0,99,,"MARSHAL DISTRIBUTORS",,,"GOOD","SPORTS",
"YOU CAN WIN : WINNERS DONT DO DIFFERENT THINGS THEY DO THINGS DIFFERENTLY : A STEP-BY-STEP TOOL FOR TOP ACHIEVERS",2013,9789382951711,"BLOOMSBURY INDIA",2013,,8193,"ENGLISH",,"650.1/KHE",,,,"KHERA SHIV",,8193,,0,399,,"MARSHAL DISTRIBUTORS",,,"GOOD","TECHNOLOGY",
"THE 7 HABITS OF HIGHLY EFFECTIVE TEENAGERS",2014,9781471136870,"SIMON & SCHUSTER UK",2014,,8194,"ENGLISH",,"158.0835/SEA",,,,"COVEY SEAN",,8194,,0,499,,"MARSHAL DISTRIBUTORS",,,"GOOD","PSYCOLOGY",
